nom,url_spotify,url_deezer,categorie,genre
Ryflo,https://open.spotify.com/artist/4acowSAiQXmdhs4DCgUQ0U,,Rap-HipHop-RnB,Rap-HipHop-RnB
Solda,https://open.spotify.com/artist/7FXX45sHqoQoCwqtG0ZV8H,,Rap-HipHop-RnB,Rap-HipHop-RnB
2 Mètres,https://open.spotify.com/artist/3WUHUmukg1hiSrVCfCoSbF,,Rap-HipHop-RnB,Rap-HipHop-RnB
Lushe,https://open.spotify.com/artist/5zCMyo4rRc63lqoXLKIcgv,,Rap-HipHop-RnB,Rap-HipHop-RnB
Diez,https://open.spotify.com/artist/082ELiDlIVdC1ovHXpWZHK,,Rap-HipHop-RnB,Rap-HipHop-RnB
Bianca Costa,https://open.spotify.com/artist/1DcL22xdIWcdNa4ZHaXZjT,,Rap-HipHop-RnB,Rap-HipHop-RnB
Tookie2Beriz,https://open.spotify.com/artist/142mBEMjSrFPCuDU0eS20r,,Rap-HipHop-RnB,Rap-HipHop-RnB
Bobbyezz,https://open.spotify.com/artist/5hV6TRKQwmvIWKTlsob1z8,,Rap-HipHop-RnB,Rap-HipHop-RnB
Lulu Van Trapp,https://open.spotify.com/artist/6N9HDXBvQ0Nd9GVtHg3DMZ,,Rap-HipHop-RnB,Rap-HipHop-RnB
Mitra,https://open.spotify.com/artist/27XaRSrSeHtKOAJrzMBzQ8,,Rap-HipHop-RnB,Rap-HipHop-RnB
Lawskie,https://open.spotify.com/artist/7gdTFjXWEBzBtir4DGFzku,,Rap-HipHop-RnB,Rap-HipHop-RnB
Voleur pnz,https://open.spotify.com/artist/6BGAhqSN3qEqlZRpMogAFN,,Rap-HipHop-RnB,Rap-HipHop-RnB
West Bank Records,https://open.spotify.com/artist/2VpYQkkjCohjSPskaQGyp0,,Rap-HipHop-RnB,Rap-HipHop-RnB
La Zona,https://open.spotify.com/artist/0dapCwy3FCdgJb0yGCN4qQ,,Rap-HipHop-RnB,Rap-HipHop-RnB
LJK,https://open.spotify.com/artist/6KPfd2qfwePi6IM7RyQ3hd,,Rap-HipHop-RnB,Rap-HipHop-RnB
La Cabine,https://open.spotify.com/artist/2NNoglK9J8vzsowuHI6k6n,,Rap-HipHop-RnB,Rap-HipHop-RnB
OPINEL 21,https://open.spotify.com/artist/5x6fEO7JyQd948Wvonm9xt,,Rap-HipHop-RnB,Rap-HipHop-RnB
Nouvelle Donne,https://open.spotify.com/artist/6Numu0Mz3dCUG6kiBNdf5E,,Rap-HipHop-RnB,Rap-HipHop-RnB
Mikeysem,https://open.spotify.com/artist/5Yz9TYi94Uup3otqHYUF5T,,Rap-HipHop-RnB,Rap-HipHop-RnB
The Alone,https://open.spotify.com/artist/2T1HPiXlPPtIZwcYovhQIO,,Rap-HipHop-RnB,Rap-HipHop-RnB
Cloudie,https://open.spotify.com/artist/52jIUp3kS81lUqD2jFhAQd,,Rap-HipHop-RnB,Rap-HipHop-RnB
Aj Ness,https://open.spotify.com/artist/4UKbdCFXAar9HgTTBPyef5,,Rap-HipHop-RnB,Rap-HipHop-RnB
Time Bomb All Stars,https://open.spotify.com/artist/6QEjD1XO21pQDdID9edgCp,,Rap-HipHop-RnB,Rap-HipHop-RnB
Felipe,https://open.spotify.com/artist/1jEvmmt62aPniaH6j7py8S,,Rap-HipHop-RnB,Rap-HipHop-RnB
IZU BABE,https://open.spotify.com/artist/5fWWmqih67RIDZDuY7Wpk6,,Rap-HipHop-RnB,Rap-HipHop-RnB
Narco G,https://open.spotify.com/artist/7D3hvCTFpI2gnTqKdvPKjz,,Rap-HipHop-RnB,Rap-HipHop-RnB
Emlo,https://open.spotify.com/artist/5O4IDbze1xrfs2zY8wLJ1H,,Rap-HipHop-RnB,Rap-HipHop-RnB
Coco061,https://open.spotify.com/artist/4jQd4K8fy9EuJJZErkbHts,,Rap-HipHop-RnB,Rap-HipHop-RnB
2sick,https://open.spotify.com/artist/1FQkPQ3IrjRAny1OXdGX8S,,Rap-HipHop-RnB,Rap-HipHop-RnB
Gus,https://open.spotify.com/artist/6kL9VJ0wAshNzlVZmSJZJN,,Rap-HipHop-RnB,Rap-HipHop-RnB
SOROSORO,https://open.spotify.com/artist/1S0pZbFHkQSJvvpzfIHXSS,,Rap-HipHop-RnB,Rap-HipHop-RnB
Dex z8,https://open.spotify.com/artist/5TMmwFXvTgvBKtgzHOLG4N,,Rap-HipHop-RnB,Rap-HipHop-RnB
MAVEL D,https://open.spotify.com/artist/7iR8JdQEwQR3LUiKXRbVh8,,Rap-HipHop-RnB,Rap-HipHop-RnB
Lyan Paris,https://open.spotify.com/artist/3KmJs3ery3PJQuQQ5FOllC,https://www.deezer.com/artist/5792,Rap-HipHop-RnB,Rap-HipHop-RnB
Walk in Paris,https://open.spotify.com/artist/7iogfxoFBRb7fwoxDIFJoG,,Rap-HipHop-RnB,Rap-HipHop-RnB
Ici c'est Paris,https://open.spotify.com/artist/0XVAP17xehWKLmcb0DhtbZ,,Rap-HipHop-RnB,Rap-HipHop-RnB
Paris Nest,https://open.spotify.com/artist/7lN61JDIavIUmhrsYbPSMC,,Rap-HipHop-RnB,Rap-HipHop-RnB
Gabriel Paris,https://open.spotify.com/artist/5mC0vGi5lOCqYs53SOojs4,,Rap-HipHop-RnB,Rap-HipHop-RnB
Aymen Parisien,https://open.spotify.com/artist/0xOdtdbQkHKot7ODRxumLR,,Rap-HipHop-RnB,Rap-HipHop-RnB
Paris Richards,https://open.spotify.com/artist/2QKgfzDlgGJCv1hkfOovKH,,Rap-HipHop-RnB,Rap-HipHop-RnB
Cheb Aymen Parisien,https://open.spotify.com/artist/0F2vt3PHYGZ8pSFBHZ0laC,,Rap-HipHop-RnB,Rap-HipHop-RnB
Le Dernier Parisien,https://open.spotify.com/artist/2iQ9RuRrptwbGhkGFFyjH6,,Rap-HipHop-RnB,Rap-HipHop-RnB
WIXO & LA2S,https://open.spotify.com/artist/0VWHKHfSFwUhP0cuvVUfRN,,Rap-HipHop-RnB,Rap-HipHop-RnB
ZZ,https://open.spotify.com/artist/51loVlVgRomkJwd04A6B1e,,Rap-HipHop-RnB,Rap-HipHop-RnB
HMZ,https://open.spotify.com/artist/6pg4S5KTCPiEBp0rSWsaI6,,Rap-HipHop-RnB,Rap-HipHop-RnB
Jayel,https://open.spotify.com/artist/5kKxz4PDHgrpIt8LX3PPiF,,Rap-HipHop-RnB,Rap-HipHop-RnB
Cyclope l'Héritier,https://open.spotify.com/artist/0MKlq9NpviCizhTWbrC8KI,,Rap-HipHop-RnB,Rap-HipHop-RnB
LRB490,https://open.spotify.com/artist/2UrTsnAc4CSukV44RC6PT6,,Rap-HipHop-RnB,Rap-HipHop-RnB
La Plaie,https://open.spotify.com/artist/2ktXCualVDXC8h7jNOuyoQ,,Rap-HipHop-RnB,Rap-HipHop-RnB
RDN,https://open.spotify.com/artist/4rKMthZmMbSiMdow1f1rBE,,Rap-HipHop-RnB,Rap-HipHop-RnB
Konieur,https://open.spotify.com/artist/3OFleM2K9wTLzf0wry6He3,,Rap-HipHop-RnB,Rap-HipHop-RnB
Mecra Officiel,https://open.spotify.com/artist/2Ya02DIvFJEBvDBTznlYCp,,Rap-HipHop-RnB,Rap-HipHop-RnB
RDR,https://open.spotify.com/artist/2K8TwF85tEXePefdOxPZTW,,Rap-HipHop-RnB,Rap-HipHop-RnB
Zitoune,https://open.spotify.com/artist/5TRkqLaI9iMFdFiqN1wAXa,,Rap-HipHop-RnB,Rap-HipHop-RnB
RD,https://open.spotify.com/artist/07ZWwj7nQevMbVVLgwjAU6,,Rap-HipHop-RnB,Rap-HipHop-RnB
ZABUZA,https://open.spotify.com/artist/1BC1J2L4JXtQG3JgtDVCrk,,Rap-HipHop-RnB,Rap-HipHop-RnB
lille Caesar,https://open.spotify.com/artist/79ydqO3TZ35NwkWtjyvugR,,Rap-HipHop-RnB,Rap-HipHop-RnB
Lilleek,https://open.spotify.com/artist/76GuUSbzRaO4eeL9PhAGBl,,Rap-HipHop-RnB,Rap-HipHop-RnB
LILLE 16,https://open.spotify.com/artist/3FgDEdw02ZOkwuyWZTvIOV,,Rap-HipHop-RnB,Rap-HipHop-RnB
RapZilla-LKM,https://open.spotify.com/artist/39JrpTQZKfPHn4WWoyrMkU,,Rap-HipHop-RnB,Rap-HipHop-RnB
LILLEN,https://open.spotify.com/artist/04Me6qNw3Z1CIqUWrkmF5B,,Rap-HipHop-RnB,Rap-HipHop-RnB
G-Kill,https://open.spotify.com/artist/2H3E75M2o5aedoI2KD0dvd,,Rap-HipHop-RnB,Rap-HipHop-RnB
Lille Glenn,https://open.spotify.com/artist/6bvvimLWYUw7cbXtGa5jw8,,Rap-HipHop-RnB,Rap-HipHop-RnB
Lille Saus,https://open.spotify.com/artist/15saPvefLxxtw3nvTOCUg0,,Rap-HipHop-RnB,Rap-HipHop-RnB
Lille Pablo,https://open.spotify.com/artist/6Y4IHXCDwWvuNBmdqTIUTz,,Rap-HipHop-RnB,Rap-HipHop-RnB
YLR,https://open.spotify.com/artist/0djUVWD4NWGZt9PLAlvYXj,,Rap-HipHop-RnB,Rap-HipHop-RnB
DLM,https://open.spotify.com/artist/4Fdja4uNAMdIjqg0cwRXm8,,Rap-HipHop-RnB,Rap-HipHop-RnB
91 All Stars,https://open.spotify.com/artist/2NXFKDjgSuIyiUUH2PEVHG,,Rap-HipHop-RnB,Rap-HipHop-RnB
DL91 Era,https://open.spotify.com/artist/3mWqCmX0xuzBJN648XSBrE,,Rap-HipHop-RnB,Rap-HipHop-RnB
91,https://open.spotify.com/artist/227ZhUtAhpZiTj8S80p1y5,,Rap-HipHop-RnB,Rap-HipHop-RnB
Santos 912,https://open.spotify.com/artist/4NbbicWEOV9MfkaTuZBUnh,,Rap-HipHop-RnB,Rap-HipHop-RnB
919gaijin,https://open.spotify.com/artist/2vAFMlKReC5aI7I0AlEiyK,,Rap-HipHop-RnB,Rap-HipHop-RnB
Batata 914,https://open.spotify.com/artist/7CujhbovMdUlyC4gZILB63,,Rap-HipHop-RnB,Rap-HipHop-RnB
Will Power 912,https://open.spotify.com/artist/1b6E8GKvKbrozg36WhLulf,,Rap-HipHop-RnB,Rap-HipHop-RnB
911,https://open.spotify.com/artist/1qksEGcCzvkUq8tDV4hJz5,,Rap-HipHop-RnB,Rap-HipHop-RnB
914PXPE!,https://open.spotify.com/artist/1YRbRHu7EWHgjj6WMiQ4MZ,,Rap-HipHop-RnB,Rap-HipHop-RnB
91 NINEONE,https://open.spotify.com/artist/275v2UQSuAxoooUYpPvZDX,,Rap-HipHop-RnB,Rap-HipHop-RnB
lvcas 91,https://open.spotify.com/artist/4t26J3uwUdaNbiGaGvN10K,,Rap-HipHop-RnB,Rap-HipHop-RnB
911REEF,https://open.spotify.com/artist/0ncFQCK5QMcCW8mNEaJGIP,,Rap-HipHop-RnB,Rap-HipHop-RnB
T913,https://open.spotify.com/artist/47RRhnkvrKrC6tm7fNYQTN,,Rap-HipHop-RnB,Rap-HipHop-RnB
Arso911,https://open.spotify.com/artist/2qvmRNV5NTShJKvi4gAZft,,Rap-HipHop-RnB,Rap-HipHop-RnB
Rap2Rue,https://open.spotify.com/artist/5vDfFo9ko8zt163U2qTc2I,,Rap-HipHop-RnB,Rap-HipHop-RnB
RD92,https://open.spotify.com/artist/6gsBVohYkoryIZGoNhNua9,,Rap-HipHop-RnB,Rap-HipHop-RnB
rz92i,https://open.spotify.com/artist/77pl5wtTOGwF5FPUYUDEDz,,Rap-HipHop-RnB,Rap-HipHop-RnB
92_Montie,https://open.spotify.com/artist/2EuvBEH0mnMuqGadLoH87L,,Rap-HipHop-RnB,Rap-HipHop-RnB
Alka92140,https://open.spotify.com/artist/0gxgKYUUgdbO3BOqz5iKDI,,Rap-HipHop-RnB,Rap-HipHop-RnB
nes929,https://open.spotify.com/artist/3SNPmjhb121Cjy0Oskqsb4,,Rap-HipHop-RnB,Rap-HipHop-RnB
92!kris,https://open.spotify.com/artist/2G9pux34dMxzqLEsxejwin,,Rap-HipHop-RnB,Rap-HipHop-RnB
92 Zorba,https://open.spotify.com/artist/5sdvHmw4yMrLqhLanxTjwz,,Rap-HipHop-RnB,Rap-HipHop-RnB
929Reese,https://open.spotify.com/artist/5OnYrMdN2FX7LgFN5LVHC1,,Rap-HipHop-RnB,Rap-HipHop-RnB
KLN 93,https://open.spotify.com/artist/7wMBwaUmhrkuaq7vGWY8bt,,Rap-HipHop-RnB,Rap-HipHop-RnB
Kasper 939,https://open.spotify.com/artist/6wUGiWb7FR3Cv39sELlp1U,,Rap-HipHop-RnB,Rap-HipHop-RnB
Sp93,https://open.spotify.com/artist/70BVuSoIusPEV52Fyi3RlK,,Rap-HipHop-RnB,Rap-HipHop-RnB
93TWENTY,https://open.spotify.com/artist/7uvFEQb8bV6u3pLMpMVnIi,,Rap-HipHop-RnB,Rap-HipHop-RnB
VALO93,https://open.spotify.com/artist/1JNYkkxlv4mTQaO6KghFvo,,Rap-HipHop-RnB,Rap-HipHop-RnB
931Luhcam,https://open.spotify.com/artist/5B1aYTxcbPhAflHD4jBOlu,,Rap-HipHop-RnB,Rap-HipHop-RnB
Crie 930,https://open.spotify.com/artist/3dOo2vzOxx1HaSteQGb56s,,Rap-HipHop-RnB,Rap-HipHop-RnB
elyasbitume93200,https://open.spotify.com/artist/6q02OCty2wYpEYoi9aGxPc,,Rap-HipHop-RnB,Rap-HipHop-RnB
L'BONVIEU93,https://open.spotify.com/artist/3m2Za3aMSr52cqPE9uLmpk,,Rap-HipHop-RnB,Rap-HipHop-RnB
TMK-93,https://open.spotify.com/artist/5MG6UN1t9hL6la6Nvlqk7n,,Rap-HipHop-RnB,Rap-HipHop-RnB
Jaso 930,https://open.spotify.com/artist/4nQV8vkMrr01QMueeoPdBu,,Rap-HipHop-RnB,Rap-HipHop-RnB
Jaxxon936,https://open.spotify.com/artist/0dkYlOk2RMo0gptziZCpvz,,Rap-HipHop-RnB,Rap-HipHop-RnB
IN.94,https://open.spotify.com/artist/0uFKA5yAa06BUDouOb1X8C,,Rap-HipHop-RnB,Rap-HipHop-RnB
Gana94,https://open.spotify.com/artist/5fe4yuC5Bkje8RvHWImwoO,,Rap-HipHop-RnB,Rap-HipHop-RnB
Selim Du 94,https://open.spotify.com/artist/44Ksj1X9OheouX8eTKblOt,,Rap-HipHop-RnB,Rap-HipHop-RnB
Spzy94,https://open.spotify.com/artist/248vLcO5YRWGyVSX9GASDT,,Rap-HipHop-RnB,Rap-HipHop-RnB
949PAYA$o,https://open.spotify.com/artist/1IKjfLTjdQB5p8lqsTgJI1,,Rap-HipHop-RnB,Rap-HipHop-RnB
949_creeper,https://open.spotify.com/artist/1dsLZMddSbqEnWNrXAZMr7,,Rap-HipHop-RnB,Rap-HipHop-RnB
Karma 94,https://open.spotify.com/artist/1s1KgcCLx44NR59HUXy3ic,,Rap-HipHop-RnB,Rap-HipHop-RnB
Ararat 94,https://open.spotify.com/artist/7H4UCmnZnE4nqw17ViN2B3,,Rap-HipHop-RnB,Rap-HipHop-RnB
Grizzly 942,https://open.spotify.com/artist/4KLjcYXXF6lORi2XOXAmz2,,Rap-HipHop-RnB,Rap-HipHop-RnB
Lunar949,https://open.spotify.com/artist/5FM4iItgDdg47zRKbWnjzd,,Rap-HipHop-RnB,Rap-HipHop-RnB
94DEEPC1,https://open.spotify.com/artist/6gTh9HWrp6eXCFimIWygjn,,Rap-HipHop-RnB,Rap-HipHop-RnB
94cbase,https://open.spotify.com/artist/1Kfww739H8cWDoDKUGRa51,,Rap-HipHop-RnB,Rap-HipHop-RnB
9492,https://open.spotify.com/artist/3HTHXAB7L2s7GJckLusXwM,,Rap-HipHop-RnB,Rap-HipHop-RnB
ELAY,https://open.spotify.com/artist/06kGXnIA5ByoJa2SEg2m9H,,Rap-HipHop-RnB,Rap-HipHop-RnB
Vernex,https://open.spotify.com/artist/5OaeD9pHLRaEXNf6qZtgmC,,Rap-HipHop-RnB,Rap-HipHop-RnB
Steel Alive,https://open.spotify.com/artist/6Ue7qVC6YnNOfsPxmBjefu,,Rap-HipHop-RnB,Rap-HipHop-RnB
Kamelon Officiel,https://open.spotify.com/artist/0k3C7u1fCchhNMHbcBy9xN,,Rap-HipHop-RnB,Rap-HipHop-RnB
Ino Casablanca,https://open.spotify.com/artist/5blvB6N3OACeH0gJL9BRqf,,Rap-HipHop-RnB,Rap-HipHop-RnB
Les indépendants de bône,https://open.spotify.com/artist/0WVsrPVEfpId0bmzcuV5Wf,,Rap-HipHop-RnB,Rap-HipHop-RnB
Jeanne Patronik,https://open.spotify.com/artist/21HK8UZA439q6bjQ0cpu2M,,Rap-HipHop-RnB,Rap-HipHop-RnB
Stavo,https://open.spotify.com/artist/2j93xBBtZnS9YJGJUcWHwg,,Rap-HipHop-RnB,Rap-HipHop-RnB
Jungle Jack,https://open.spotify.com/artist/36HOtWiV4nn0luNGSn2xAT,,Rap-HipHop-RnB,Rap-HipHop-RnB
63OG,https://open.spotify.com/artist/1wRx48q25O8HPDTyNOUQ2k,,Rap-HipHop-RnB,Rap-HipHop-RnB
Jamso,https://open.spotify.com/artist/42ATKPvmj81n9JDOunFpqr,,Rap-HipHop-RnB,Rap-HipHop-RnB
S2,https://open.spotify.com/artist/60HWrpmSefhtMWCkghazzG,,Rap-HipHop-RnB,Rap-HipHop-RnB
Molière l'opéra urbain,https://open.spotify.com/artist/7eFL3K5giCsAHXus03F7Cd,,Rap-HipHop-RnB,Rap-HipHop-RnB
BatBat,https://open.spotify.com/artist/04q4egoK1OOrukoyGCXy0k,,Rap-HipHop-RnB,Rap-HipHop-RnB
tn_490,https://open.spotify.com/artist/1ULJBOKjmOpRsRRHP1vc2X,,Rap-HipHop-RnB,Rap-HipHop-RnB
Négatif clan,https://open.spotify.com/artist/2X3EEwXmRoFsQdjrUWWF0N,,Rap-HipHop-RnB,Rap-HipHop-RnB
Loïse,https://open.spotify.com/artist/3nmiCKhHVrYLvdhBs37t4c,,Rap-HipHop-RnB,Rap-HipHop-RnB
Jude Heib | جود الهيب,https://open.spotify.com/artist/4RHQOcWVNYmDmWOiJCrDE1,,Rap-HipHop-RnB,Rap-HipHop-RnB
LATACHE1.7,https://open.spotify.com/artist/1yHj3nTuMqofPhYqWcpWq2,,Rap-HipHop-RnB,Rap-HipHop-RnB
AMELYNE,https://open.spotify.com/artist/2SKsmkgWfdYYRFyLgRLOY9,,Rap-HipHop-RnB,Rap-HipHop-RnB
OLEA,https://open.spotify.com/artist/0SXL8zcb4Kpty3av0stEnY,,Rap-HipHop-RnB,Rap-HipHop-RnB
Nass 10,https://open.spotify.com/artist/19f1JDx8moOd3V0KxU36ZD,,Rap-HipHop-RnB,Rap-HipHop-RnB
ZaK,https://open.spotify.com/artist/1AkVV9NXsfdkD14ZirLnbF,,Rap-HipHop-RnB,Rap-HipHop-RnB
Jolando,https://open.spotify.com/artist/1DEgAavpXNtY1us79NRvDh,,Rap-HipHop-RnB,Rap-HipHop-RnB
E.R,https://open.spotify.com/artist/4T4jOlrGEL0aOPbll0OkUM,,Rap-HipHop-RnB,Rap-HipHop-RnB
Océane,https://open.spotify.com/artist/4shFWKEZwPllIHil9Z7LIg,,Rap-HipHop-RnB,Rap-HipHop-RnB
Izu,https://open.spotify.com/artist/3QNPChViSpPpFBxRc0z0HN,,Rap-HipHop-RnB,Rap-HipHop-RnB
Hina,https://open.spotify.com/artist/4Bf5qEld5ElkuNeaoapaPD,,Rap-HipHop-RnB,Rap-HipHop-RnB
TAUM,https://open.spotify.com/artist/5rFCClKV7VzOtd9lbXIbCz,,Rap-HipHop-RnB,Rap-HipHop-RnB
Monsieur Pof,https://open.spotify.com/artist/5K83OXhENKESdVU1oIkkbb,,Rap-HipHop-RnB,Rap-HipHop-RnB
Garret Rouleau,https://open.spotify.com/artist/5UQzIC2igpjEwb7zrKPEeM,,Rap-HipHop-RnB,Rap-HipHop-RnB
Jules Rey,https://open.spotify.com/artist/3IOwV26aVul9dwjxlGs9vO,,Rap-HipHop-RnB,Rap-HipHop-RnB
Kameto Corp,https://open.spotify.com/artist/5mj4TNMOxQxALxfV5z4joz,,Rap-HipHop-RnB,Rap-HipHop-RnB
2N,https://open.spotify.com/artist/4pskk79w5evfqNu2OOXK8M,,Rap-HipHop-RnB,Rap-HipHop-RnB
Jeremstar,https://open.spotify.com/artist/5QZLTMRIyH5IOVHEjHH40J,,Rap-HipHop-RnB,Rap-HipHop-RnB
Amorella,https://open.spotify.com/artist/6JY4uZ2DGgFeY798NqBM6t,,Rap-HipHop-RnB,Rap-HipHop-RnB
ENVŸ 444,https://open.spotify.com/artist/7aATaf49VFhdsJGNYOnrqb,,Rap-HipHop-RnB,Rap-HipHop-RnB
Voleur2Voleur,https://open.spotify.com/artist/7cn1vmWwo5EnYDjXVzmmSr,,Rap-HipHop-RnB,Rap-HipHop-RnB
Tvslym,https://open.spotify.com/artist/7jPzAS2xqIxyKHhGHIfuyf,,Rap-HipHop-RnB,Rap-HipHop-RnB
i300,https://open.spotify.com/artist/5crOTgkcDtgMTCoatASEBs,,Rap-HipHop-RnB,Rap-HipHop-RnB
HK La Paille,https://open.spotify.com/artist/4NSdzXHjbwdR28akJRT9KY,,Rap-HipHop-RnB,Rap-HipHop-RnB
Le V,https://open.spotify.com/artist/3ixpW4Ayz5DVzrAVPvkTqW,,Rap-HipHop-RnB,Rap-HipHop-RnB
Rouquine,https://open.spotify.com/artist/7pJxy5TSBacc0UMMppaExZ,,Pop,Pop
Amaury,https://open.spotify.com/artist/0C0OTAymY2bmqgYZ0WZCJI,,Pop,Pop
Esmée,https://open.spotify.com/artist/4ltaLmNRwdD98CtEsot497,,Pop,Pop
Vernis Rouge,https://open.spotify.com/artist/6Miu2EYSCD74K7VzDYostC,,Pop,Pop
Noé Preszow,https://open.spotify.com/artist/6CZhbpXpR3VJNQWFkwd2Ic,,Pop,Pop
RORI,https://open.spotify.com/artist/1VGFnvgAwxMlV8D729gs5I,,Pop,Pop
Zaoui,https://open.spotify.com/artist/5nrmuhl0AXvSLeoZgB3Tmr,,Pop,Pop
Ebony,https://open.spotify.com/artist/0NCfVJ4NDxaKUW8yV4lUlQ,,Pop,Pop
Félix Radu,https://open.spotify.com/artist/0a0Pl9QiikzqYozn7qyooX,,Pop,Pop
St Graal,https://open.spotify.com/artist/7Kgv8CorcAKsG4of90vA5I,,Pop,Pop
Sam Sauvage,https://open.spotify.com/artist/1tlWl5ltF7CudnGGjF96KL,,Pop,Pop
Poppy Fusée,https://open.spotify.com/artist/5IFUbcd4w9UlVpsMNfY4FT,,Pop,Pop
Astral Bakers,https://open.spotify.com/artist/6VUpGE6ErMWwqZGepBWc0D,,Pop,Pop
Haley James Scott,https://open.spotify.com/artist/7y4JSWyptLDbIWn5LOhydr,,Pop,Pop
Mary Bach,https://open.spotify.com/artist/7jru0ViqMSSyuFFvC9Aw01,,Pop,Pop
Braeker,https://open.spotify.com/artist/7fGRdpiX855x7RBK8DjT1F,,Pop,Pop
Divaa,https://open.spotify.com/artist/1IQ8u7rMzxSfpwPsxg4afU,,Pop,Pop
Eric Elmosnino,https://open.spotify.com/artist/5t0Dm5xdg8RuMVt3OJ99UV,,Pop,Pop
Dolo Tonight,https://open.spotify.com/artist/3ED1AG2E67Epo3MBFVOFj9,,Pop,Pop
TheFrenchKris,https://open.spotify.com/artist/3mMx6lCCOvQZheRBZ3CTQs,,Pop,Pop
Bleu Soleil,https://open.spotify.com/artist/2HSmynRDUgRfom3fditkjf,,Pop,Pop
Nour,https://open.spotify.com/artist/2Z55seSc1gT7BWnV0ElFNL,,Pop,Pop
Lenaïg,https://open.spotify.com/artist/7LBRgobZF7IvkSKljcuGDb,,Pop,Pop
ANAÏS MVA,https://open.spotify.com/artist/2MBvn4Y3ugNmUlWp1W65QL,,Pop,Pop
Ève,https://open.spotify.com/artist/09X1kbjR9O2Cb3gdPvpgKG,,Pop,Pop
Allan,https://open.spotify.com/artist/7tJ1ZtOt4EOPyQnT8LE6rH,,Pop,Pop
THÉA,https://open.spotify.com/artist/6GGkEuZHoNpJsKYNZml2gL,,Pop,Pop
Rocket Mike,https://open.spotify.com/artist/18ssEKS9fXX1nbMg7mAzaU,,Pop,Pop
Rocket,https://open.spotify.com/artist/6HB56S5tXln4QbDVbnd3h6,,Pop,Pop
Strings From Paris,https://open.spotify.com/artist/4c520eahgQwzeJopRch4k4,,Pop,Pop
Parish,https://open.spotify.com/artist/6ivUbtNyjDbgw0PwCkHzTo,,Pop,Pop
Paris Kalpos,https://open.spotify.com/artist/63z0gOosInxV2a7J8UPDzM,,Pop,Pop
Candice Parise,https://open.spotify.com/artist/54XecBMigDK1bZ4bBo9dYR,,Pop,Pop
Paris Petitjean,https://open.spotify.com/artist/72tgvDZCJayys27ylPTM6K,,Pop,Pop
Natalie Paris,https://open.spotify.com/artist/4rNKsg7PLOeJY6EFH2sW2u,,Pop,Pop
Parishmita Phukan,https://open.spotify.com/artist/5k7aZzuDBkw4uyVSIVRkhB,,Pop,Pop
Marou Chenko,https://open.spotify.com/artist/24KPNVdpY6Sx0JaApiLOsr,,Pop,Pop
Marseille Capitale du Rap,https://open.spotify.com/artist/4dcePQod0y9jDp7u9S59BV,https://www.deezer.com/artist/267736202,Pop,Pop
lyon,https://open.spotify.com/artist/0sMTCr1FCVncLt9NnSWf4G,,Jazz-Soul,Jazz-Soul
Bilk,https://open.spotify.com/artist/5R45oNcDnRCz29ZXOiKeMZ,,Pop,Pop
Mortalla,https://open.spotify.com/artist/7xVHj5WkiGCygNfzWbOVRD,,Pop,Pop
Draviss,https://open.spotify.com/artist/3GzWhBfnYnIg373ftnyaqc,,Pop,Pop
Lünik,https://open.spotify.com/artist/4VZHxzdkp2sUlZwWw8pG1D,,Pop,Pop
YSN,https://open.spotify.com/artist/2JxvmvS4bijkOfkIrZcK0Q,,Pop,Pop
Pinpin OSP,https://open.spotify.com/artist/4mBczBFRo8QPX9CiRzDRxE,,Pop,Pop
Sansand,https://open.spotify.com/artist/0MJlQlTR7mSGW1mmwm94PZ,,Pop,Pop
PopKill,https://open.spotify.com/artist/0zcD72sViAieT1p9eBAW2e,,Pop,Pop
Killen.,https://open.spotify.com/artist/0faVSLrVTvEXkpSVBUQ3Wt,,Pop,Pop
Killer Ochoa,https://open.spotify.com/artist/2mTXutKh7C9SNxsZET0Nw4,,Pop,Pop
Killemv,https://open.spotify.com/artist/6CVrtiamrDDp2RWzSMzHNf,,Pop,Pop
KillerB,https://open.spotify.com/artist/40V9FiVXsO9bAxg9XIKGks,,Pop,Pop
Anna Lille,https://open.spotify.com/artist/4nwpfzpdL72UcfB0O3y6Gk,,Pop,Pop
Phil,https://open.spotify.com/artist/3FDHZRQQME4R1BFXqGugLp,,Pop,Pop
KILLI,https://open.spotify.com/artist/2VHuInTKPsBGsCDFn5WkxW,,Pop,Pop
Nina Lili J,https://open.spotify.com/artist/4pFzPeaxtoh7hF3XOXKicA,,Pop,Pop
Lili Poli,https://open.spotify.com/artist/0hSW0pdwbtPmPaJTOlBz8a,,Pop,Pop
Byr0n,https://open.spotify.com/artist/6NfyuSHSREdGccxgJv8lsU,,Pop,Pop
TKKF,https://open.spotify.com/artist/2UkuW3yyd5zeKnx4hVz6No,,Pop,Pop
L.I,https://open.spotify.com/artist/44HlnQO5S78GI8dZFHpfxv,,Pop,Pop
Neaj,https://open.spotify.com/artist/0eFmnuvX7ZDCsnOesNifzb,,Afrobeat-Amapiano,Afrobeat-Amapiano
King Luca,https://open.spotify.com/artist/1DEN3iWZL55rYkQCXVwkLz,,Afrobeat-Amapiano,Afrobeat-Amapiano
Djeneva,https://open.spotify.com/artist/74Bk9HuRAbkzv775XaTS2E,,Afrobeat-Amapiano,Afrobeat-Amapiano
Scopido,https://open.spotify.com/artist/2ow2JX9POxbX47g2hQ0Vae,,Afrobeat-Amapiano,Afrobeat-Amapiano
RECSOUND,https://open.spotify.com/artist/56ohZgEezvtb7u2LAx2jpC,,Afrobeat-Amapiano,Afrobeat-Amapiano
Theomaa,https://open.spotify.com/artist/49j7GvUPWXDkBZf3uUwMe6,,Afrobeat-Amapiano,Afrobeat-Amapiano
Doosko Niafo,https://open.spotify.com/artist/3j5vom9KtuBUImiFXCOTP0,,Afrobeat-Amapiano,Afrobeat-Amapiano
Bruzer,https://open.spotify.com/artist/1U2Bzt0bhkqHJj7L1WQdnB,,Afrobeat-Amapiano,Afrobeat-Amapiano
France Mpundu,https://open.spotify.com/artist/3H7eNFfmHDrZoHoTfDJyGE,,Afrobeat-Amapiano,Afrobeat-Amapiano
Dounia Jari,https://open.spotify.com/artist/2wGEnSqp6ZXg2LWGZF7mnQ,,Afrobeat-Amapiano,Afrobeat-Amapiano
Dk2fois,https://open.spotify.com/artist/3532P4f6wikwfG2uvxXRnQ,,Afrobeat-Amapiano,Afrobeat-Amapiano
Harley,https://open.spotify.com/artist/1w8f71fNCVvZtiz4DLd7N5,,Afrobeat-Amapiano,Afrobeat-Amapiano
wilsko,https://open.spotify.com/artist/1d38UPGn8PJ9XekumcIBha,,Afrobeat-Amapiano,Afrobeat-Amapiano
Hulk,https://open.spotify.com/artist/2D2Wm1oAJrDRzXVzxkyBOE,,Afrobeat-Amapiano,Afrobeat-Amapiano
Boumidjal X,https://open.spotify.com/artist/3i2AdhSP4YeSYY1m5JoUnK,,Afrobeat-Amapiano,Afrobeat-Amapiano
Danilo,https://open.spotify.com/artist/0nztDFQzc7SwCIGZnvDIJ7,,Afrobeat-Amapiano,Afrobeat-Amapiano
XVI,https://open.spotify.com/artist/0utiBmutysHdb0zXFCLMT2,,Afrobeat-Amapiano,Afrobeat-Amapiano
Shad Hottaboy,https://open.spotify.com/artist/3LWw4ar9kTrbOgTUvyZQjW,,Afrobeat-Amapiano,Afrobeat-Amapiano
Ashvma,https://open.spotify.com/artist/46fYppQRc2dAeDAMnrVb6R,,Afrobeat-Amapiano,Afrobeat-Amapiano
Shayne,https://open.spotify.com/artist/1DX6FDD9VMN2eJCmeFVbHi,,Afrobeat-Amapiano,Afrobeat-Amapiano
Onset Music Group,https://open.spotify.com/artist/191W2veGxkx4OXrhyN89RI,,Afrobeat-Amapiano,Afrobeat-Amapiano
Zaka Lavista,https://open.spotify.com/artist/3ZrvguSuVvHrFwbu9lFVe6,,Afrobeat-Amapiano,Afrobeat-Amapiano
Amapiano,https://open.spotify.com/artist/3o8EDZpDQR08SEy89J3C6X,,Afrobeat-Amapiano,Afrobeat-Amapiano
John Weezy b,https://open.spotify.com/artist/1jW9I7mQgyu3Z3sbUMxssU,,Afrobeat-Amapiano,Afrobeat-Amapiano
MC YOSHI,https://open.spotify.com/artist/33zatJq0MdffoK8tEpWVFu,,Afrobeat-Amapiano,Afrobeat-Amapiano
SLK,https://open.spotify.com/artist/6CBm5KPNnurK4hFutVDIpz,,Afrobeat-Amapiano,Afrobeat-Amapiano
Fouzia,https://open.spotify.com/artist/2k0TTdszNNaFtbS7XdReiF,,Afrobeat-Amapiano,Afrobeat-Amapiano
Vanou,https://open.spotify.com/artist/5bRjVnu5q4ySUkVYifxtGE,,Afrobeat-Amapiano,Afrobeat-Amapiano
K-Rosif,https://open.spotify.com/artist/5gFPNO9iQl6MI5vUawFGcV,,Afrobeat-Amapiano,Afrobeat-Amapiano
Mikado,https://open.spotify.com/artist/41Csk4RHbXp1jnMN4NWwOE,,Afrobeat-Amapiano,Afrobeat-Amapiano
Foxii,https://open.spotify.com/artist/5nU3O7mV2w9OiOxQFzlHEv,,Afrobeat-Amapiano,Afrobeat-Amapiano
Lé Will & Deuspi,https://open.spotify.com/artist/1DaLT7Mgy04h833FKXKGO0,,Afrobeat-Amapiano,Afrobeat-Amapiano
TKD,https://open.spotify.com/artist/0MzR7uO3295wLWGYILYKLV,,Afrobeat-Amapiano,Afrobeat-Amapiano
John Alenca,https://open.spotify.com/artist/57H433bibChwiap8GjXH34,,Afrobeat-Amapiano,Afrobeat-Amapiano
Mélanie Roux,https://open.spotify.com/artist/3GJgDsezyvycYCtVGZakzW,,Afrobeat-Amapiano,Afrobeat-Amapiano
Cynthia Brown,https://open.spotify.com/artist/33fN5sNaeAMrC59jertQJO,,Afrobeat-Amapiano,Afrobeat-Amapiano
BB Model,https://open.spotify.com/artist/23iD8oDOAADt26UUDAy047,,Afrobeat-Amapiano,Afrobeat-Amapiano
RandJess,https://open.spotify.com/artist/6jZCC4zK2doZjBdXJhaRPJ,,Afrobeat-Amapiano,Afrobeat-Amapiano
Afro Paradise,https://open.spotify.com/artist/3ol5cavHSs5SAXmXyyqYfz,,Afrobeat-Amapiano,Afrobeat-Amapiano
LAGOS IN PARIS,https://open.spotify.com/artist/2VaCLjX4lfeTILde1uhzMe,,Afrobeat-Amapiano,Afrobeat-Amapiano
Nana Paris,https://open.spotify.com/artist/15hVFys3FPHJewxXkZUDsr,,Afrobeat-Amapiano,Afrobeat-Amapiano
Ivon Paris,https://open.spotify.com/artist/6JIyTf7uDW0lSVgaHIM6at,,Afrobeat-Amapiano,Afrobeat-Amapiano
parisplacid,https://open.spotify.com/artist/1G8rdmu6UpkFFmIn5GwkOK,,Afrobeat-Amapiano,Afrobeat-Amapiano
Parish Records,https://open.spotify.com/artist/11sGkXdWNQ36Rd3Pzh672d,,Afrobeat-Amapiano,Afrobeat-Amapiano
Ksos 2 Marseille,https://open.spotify.com/artist/2zdlou6LobB4pQUKd49h5Q,,Afrobeat-Amapiano,Afrobeat-Amapiano
Afro Queen,https://open.spotify.com/artist/0iQaClnw8ysyL24QKIeFuT,,Afrobeat-Amapiano,Afrobeat-Amapiano
Hiro Lyon,https://open.spotify.com/artist/2KoUu8kPi8vuUcSc6MatNX,,Afrobeat-Amapiano,Afrobeat-Amapiano
Afios,https://open.spotify.com/artist/72JdiplJRSQimk2zqHnBUZ,,Afrobeat-Amapiano,Afrobeat-Amapiano
Afro LoFi,https://open.spotify.com/artist/3chNkr7AQdYg8k0TGEYAXU,,Afrobeat-Amapiano,Afrobeat-Amapiano
Afro Lofi Guy,https://open.spotify.com/artist/4mmQa4fTJmJw06Jjw9IIVS,,Afrobeat-Amapiano,Afrobeat-Amapiano
Many Santana,https://open.spotify.com/artist/3rCZ4fFIVhGxQHg3UwizcJ,,Afrobeat-Amapiano,Afrobeat-Amapiano
Afro Connexion,https://open.spotify.com/artist/0JruE4kOBZvm512ggXVwkD,,Afrobeat-Amapiano,Afrobeat-Amapiano
Aspen Lyon,https://open.spotify.com/artist/33r2MHcVb6OP9DDjqYXD5Y,,Afrobeat-Amapiano,Afrobeat-Amapiano
Kelly Lyon,https://open.spotify.com/artist/4ifitpTpp7bzrEyxkHuFmj,,Afrobeat-Amapiano,Afrobeat-Amapiano
Andres Lion,https://open.spotify.com/artist/5ZmrAJnhksLdvY3sRXL7VE,,Afrobeat-Amapiano,Afrobeat-Amapiano
Lyon OL,https://open.spotify.com/artist/54b7hVHxsvkcerdfaiRtjA,,Afrobeat-Amapiano,Afrobeat-Amapiano
Lyonsus,https://open.spotify.com/artist/4Mwc4uv9W5IhxpMjtmhXIp,,Afrobeat-Amapiano,Afrobeat-Amapiano
GAZY MP,https://open.spotify.com/artist/5CWqAxPyMw1opbJyhvs6YO,,Afrobeat-Amapiano,Afrobeat-Amapiano
Le Juiice,https://open.spotify.com/artist/67MIpliQaIhUN1WLSkYEqC,,Afrobeat-Amapiano,Afrobeat-Amapiano
Marjinal,https://open.spotify.com/artist/2kw3kVYH86s8K0O4Pebofm,,Afrobeat-Amapiano,Afrobeat-Amapiano
Le Rain-T,https://open.spotify.com/artist/436LYXLKpr9NVSiKZHeU3k,,Afrobeat-Amapiano,Afrobeat-Amapiano
M87,https://open.spotify.com/artist/6cnRzKdsrVOB60CQDoEWYc,,Afrobeat-Amapiano,Afrobeat-Amapiano
Algéric,https://open.spotify.com/artist/6V788FEftK2VvhtleSaPwY,,Afrobeat-Amapiano,Afrobeat-Amapiano
Zouka,https://open.spotify.com/artist/21N9iz0cavLJXPL1v7Y2pJ,,Afrobeat-Amapiano,Afrobeat-Amapiano
Stony Stone,https://open.spotify.com/artist/39eNWcMW3ts3zXEQQ34jgR,,Afrobeat-Amapiano,Afrobeat-Amapiano
Rever,https://open.spotify.com/artist/76BgGr8Oq2d63hustF8FPy,,Afrobeat-Amapiano,Afrobeat-Amapiano
Foda C,https://open.spotify.com/artist/3IG4wXzUoG2sb1895LQZIl,,Afrobeat-Amapiano,Afrobeat-Amapiano
oliver.,https://open.spotify.com/artist/46HcgmpPddfKZNUavHq8cx,,Afrobeat-Amapiano,Afrobeat-Amapiano
Black Crystal,https://open.spotify.com/artist/0ycesuZYfq0EHH0n32mGOy,,Afrobeat-Amapiano,Afrobeat-Amapiano
Atthida,https://open.spotify.com/artist/4EbnX1nj6cL5OW0nnFUNoE,,Afrobeat-Amapiano,Afrobeat-Amapiano
M Dutcha,https://open.spotify.com/artist/4CN697ObCTpVVqcEMemsvE,,Afrobeat-Amapiano,Afrobeat-Amapiano
HANÎ,https://open.spotify.com/artist/1M56F5uqrk6uA42Gmy6Vqv,,Afrobeat-Amapiano,Afrobeat-Amapiano
Maesic,https://open.spotify.com/artist/1GO0BdzMo0I4HNHfbaLbKZ,,Afrobeat-Amapiano,Afrobeat-Amapiano
Mont Rouge,https://open.spotify.com/artist/29Spoit35xez115MTLfMB4,,Afrobeat-Amapiano,Afrobeat-Amapiano
Noir Glacé,https://open.spotify.com/artist/6Ri4FuRv8fj3t0yRM2X0cE,,Afrobeat-Amapiano,Afrobeat-Amapiano
Malaka,https://open.spotify.com/artist/4PlX6Cqeaju4O4zj1hH4yA,,Afrobeat-Amapiano,Afrobeat-Amapiano
RHUM G,https://open.spotify.com/artist/04ujR8mizyQZjciXFR9XVW,,Afrobeat-Amapiano,Afrobeat-Amapiano
SubLife,https://open.spotify.com/artist/6PZjd0IGgGy8f1kVfKp7sc,,Afrobeat-Amapiano,Afrobeat-Amapiano
Stevo Atambire,https://open.spotify.com/artist/6gbEfMzGr0anNu4sKlXZye,,Afrobeat-Amapiano,Afrobeat-Amapiano
AMOR,https://open.spotify.com/artist/64sn2pm4VT4b2DiZM2Ptgl,,Afrobeat-Amapiano,Afrobeat-Amapiano
Afro Moombattack,https://open.spotify.com/artist/0buRzy2mdvzIN356nhsnsO,,Afrobeat-Amapiano,Afrobeat-Amapiano
AZKA,https://open.spotify.com/artist/20cVY12kekiJOzONmGOfyx,,Afrobeat-Amapiano,Afrobeat-Amapiano
LeadbacK,https://open.spotify.com/artist/6vwkbB0B8YKazNrN4QNozo,,Afrobeat-Amapiano,Afrobeat-Amapiano
Zukos,https://open.spotify.com/artist/5rJymkGmFXa3ip3yA294HY,,Afrobeat-Amapiano,Afrobeat-Amapiano
TSV,https://open.spotify.com/artist/1IqjRPbYDT5KpRy0VPweJF,,Afrobeat-Amapiano,Afrobeat-Amapiano
Awoga,https://open.spotify.com/artist/5rgixBBWuh7QiumR2X9E0k,,Afrobeat-Amapiano,Afrobeat-Amapiano
PalaisVert,https://open.spotify.com/artist/0zkOPDBgnhSOmItLnCD03s,,Afrobeat-Amapiano,Afrobeat-Amapiano
Ismatricule,https://open.spotify.com/artist/6ExdAuFeWUhDhSNLMCDrYd,,Afrobeat-Amapiano,Afrobeat-Amapiano
WEB,https://open.spotify.com/artist/0vpkGPve4zar394BIrZOGh,,Rock-Metal,Rock-Metal
L'Ordre Des Aventuriers,https://open.spotify.com/artist/1nn9NQhtKG0AfAjV5ZX8l4,,Rock-Metal,Rock-Metal
ASHEN,https://open.spotify.com/artist/0ussJndMOAWWfaUtXSttFU,,Rock-Metal,Rock-Metal
David Castello-Lopes,https://open.spotify.com/artist/5wQ1ffwDHKe06PEKCIgLNG,,Rock-Metal,Rock-Metal
Charles Ludig,https://open.spotify.com/artist/0hO9TrLGquZn6cxbNqgpGl,,Rock-Metal,Rock-Metal
Nicola Sirkis,https://open.spotify.com/artist/1GPOQdRaRdalF1ct9DKfuJ,,Rock-Metal,Rock-Metal
Camille Jansen,https://open.spotify.com/artist/3fPap8kKuNMRn5PR06x0gN,,Rock-Metal,Rock-Metal
Rockywhereyoubeen,https://open.spotify.com/artist/5pieMKHiTXhVZEmlMT0ij7,,Rock-Metal,Rock-Metal
Rockin Moroccin,https://open.spotify.com/artist/4qVKiA168f8kE2zKINggT0,,Rock-Metal,Rock-Metal
Rocket FX,https://open.spotify.com/artist/3dFUAutVe4CdBO7DMDtIN5,,Rock-Metal,Rock-Metal
Rock,https://open.spotify.com/artist/0l91JJ40pv3WaU8w5vunXC,,Rock-Metal,Rock-Metal
nous étions une armée,https://open.spotify.com/artist/2GT9RRFupyQile63whfk0t,,Rock-Metal,Rock-Metal
Baroque Jazz Trio,https://open.spotify.com/artist/0sSSNp6fVFQM5mHJHmdNso,,Rock-Metal,Rock-Metal
NASTYJOE,https://open.spotify.com/artist/670gKdLPnnsJjyiy9HzvaV,,Rock-Metal,Rock-Metal
USQUAM,https://open.spotify.com/artist/6mVWZkn0EnvjywSyW4kyK5,,Rock-Metal,Rock-Metal
CURSER,https://open.spotify.com/artist/1gEA35NM4LKYz4aaU9eHGI,,Rock-Metal,Rock-Metal
Droges,https://open.spotify.com/artist/5SDTx48ndpoXdLVYixXAHd,,Rock-Metal,Rock-Metal
Danon Hill,https://open.spotify.com/artist/3wGQWC6t7PC8O7TWXsTd0s,,Rock-Metal,Rock-Metal
Grandma's Ashes,https://open.spotify.com/artist/3njH8IdvpiDn8UIV0BoYoY,,Rock-Metal,Rock-Metal
Clavicule,https://open.spotify.com/artist/3MyvhIeNVItWCpXSwm6pLI,,Rock-Metal,Rock-Metal
Caesaria,https://open.spotify.com/artist/3GWHmhaBl7Lx4hygni7di3,,Rock-Metal,Rock-Metal
Paris Gordon,https://open.spotify.com/artist/7cTwclkPpoS8275MDVWGpx,,Rock-Metal,Rock-Metal
Paris Laná,https://open.spotify.com/artist/1YAFURW1Zmg8j7tMdttuai,,Rock-Metal,Rock-Metal
Elliot Paris,https://open.spotify.com/artist/2v0tEOzjnTCaZ9YZJkLMQf,,Rock-Metal,Rock-Metal
The Paris Match,https://open.spotify.com/artist/3MLgfzmTrdEtUnT8FdTYOa,,Rock-Metal,Rock-Metal
Paris 1942,https://open.spotify.com/artist/4XMv3P6L1yX14lL74I8AJR,,Rock-Metal,Rock-Metal
Tonyno,https://open.spotify.com/artist/3y4po7tLaQ5p4ZDCcFvzft,,Rock-Metal,Rock-Metal
2Bang,https://open.spotify.com/artist/7yrJfjfaeYvEz3Iy57Ppzz,,Rock-Metal,Rock-Metal
USK,https://open.spotify.com/artist/2tazPdBhP8gF5MOtctC2Uz,,Rock-Metal,Rock-Metal
Marseille,https://open.spotify.com/artist/0CKzwR7ixevIfFPRD9NnbM,,Rock-Metal,Rock-Metal
Rayou,https://open.spotify.com/artist/2uCCf1s6VJiaJ1h2jFUR4r,,Rock-Metal,Rock-Metal
Akhi James,https://open.spotify.com/artist/1daSNxaDKPO4IZ291UkJg2,,Rock-Metal,Rock-Metal
A-Connection,https://open.spotify.com/artist/5GLDqFHSidMjNTmwA0FIKB,,Rock-Metal,Rock-Metal
BAHYSA,https://open.spotify.com/artist/04JaWopDjTpQkThBWV1y4S,,Rock-Metal,Rock-Metal
G29,https://open.spotify.com/artist/33GoYRikyN9Ej7idDdY55g,,Rock-Metal,Rock-Metal
Rick Lyon,https://open.spotify.com/artist/4mblmGvdUx8IcysSPERlJn,,Rock-Metal,Rock-Metal
George Lyons,https://open.spotify.com/artist/42dK0eCb48P1tILqEV28mW,,Rock-Metal,Rock-Metal
Julia Lyons,https://open.spotify.com/artist/77JeMEYD7V22KmaU26iNJs,,Rock-Metal,Rock-Metal
Lion Thunderbolt,https://open.spotify.com/artist/7KKbCFEwICqIX0lPI32jk4,,Rock-Metal,Rock-Metal
Rock Bones,https://open.spotify.com/artist/3Fy2CIcMGtpo7r3uccYqmg,,Rock-Metal,Rock-Metal
Tenma,https://open.spotify.com/artist/3MaO9kMKgKD4DjfZvlbbGf,,Rock-Metal,Rock-Metal
rick linzel,https://open.spotify.com/artist/1BmpEHcKkzyGlvGgDXEIQH,,Rock-Metal,Rock-Metal
Rick O'Connor,https://open.spotify.com/artist/5d91teQgeeC6rBQjel568N,,Rock-Metal,Rock-Metal
Rick Bonadio,https://open.spotify.com/artist/2CZ8dMcFFZ1UYj52mUSaE6,,Rock-Metal,Rock-Metal
Rickwel,https://open.spotify.com/artist/3weCDWZ2My3KGz5BRS05tm,,Rock-Metal,Rock-Metal
Sika Rlion,https://open.spotify.com/artist/2bk4OvULWozcTHC7EMhKaA,,Rock-Metal,Rock-Metal
ROCK SALLES,https://open.spotify.com/artist/3TeLlxkp4ZtTLFabOQJbWh,,Rock-Metal,Rock-Metal
Leo Lilley,https://open.spotify.com/artist/15re5mGlnEReWZfq93h4ze,,Rock-Metal,Rock-Metal
Luis De Lille,https://open.spotify.com/artist/5PviQCGrA36N5V3Byllot9,,Rock-Metal,Rock-Metal
Pink Lily,https://open.spotify.com/artist/1BTYnIibRQM2mMh5CRiPKe,,Rock-Metal,Rock-Metal
Lille4,https://open.spotify.com/artist/4EZ0818qUMoFBWcH6esxGp,,Rock-Metal,Rock-Metal
Lille Heroin,https://open.spotify.com/artist/2N3Tpo1daZQfY0UGD1f2BY,,Rock-Metal,Rock-Metal
RockSwell,https://open.spotify.com/artist/69aNv8NcbT3mRJHK6oIkWN,,Rock-Metal,Rock-Metal
Rok.wav,https://open.spotify.com/artist/34AMiSMNdLIBS0NapVfzLz,,Rock-Metal,Rock-Metal
Rockabye Lullaby,https://open.spotify.com/artist/3y0d6ljlxup7X9hZKSdKbr,,Rock-Metal,Rock-Metal
Likkle Ferguson,https://open.spotify.com/artist/5xgKRP4bEDq7cBm2neSAf0,,Rock-Metal,Rock-Metal
Lullaby Rock!,https://open.spotify.com/artist/5HvzmTdDHTsVFKtxA12ibI,,Rock-Metal,Rock-Metal
Lullaby Rockabye,https://open.spotify.com/artist/2AdboHFxAJfSCrcIRfw1eY,,Rock-Metal,Rock-Metal
Clan 91,https://open.spotify.com/artist/7kPsQQhXbJ51nqM3kqmXfo,,Rock-Metal,Rock-Metal
91 Days,https://open.spotify.com/artist/7k4dQpYotTr0jBt61LkVOr,,Rock-Metal,Rock-Metal
ERRE 911,https://open.spotify.com/artist/10C9FrSTx0dBWHmMHqY6yZ,,Rock-Metal,Rock-Metal
From 92,https://open.spotify.com/artist/2SWQ2t0Q5PhSjOKKJlbP3q,,Rock-Metal,Rock-Metal
User927,https://open.spotify.com/artist/53BcxR6LtNFZnE0Oz7CI25,,Rock-Metal,Rock-Metal
Exit 92,https://open.spotify.com/artist/13cEdxHuI6IhY15vFezdu4,,Rock-Metal,Rock-Metal
Invierno del 92,https://open.spotify.com/artist/0xzB1GKI6Wr9yPCKWOhLmU,,Rock-Metal,Rock-Metal
The 925,https://open.spotify.com/artist/46ewFVQDwZcVe6w8cZyDED,,Rock-Metal,Rock-Metal
sweet93,https://open.spotify.com/artist/1bZAIpozrb4BckaTTRm52y,,Rock-Metal,Rock-Metal
93,https://open.spotify.com/artist/3ROAhFe6H1Bl0oa2jxLZqh,,Rock-Metal,Rock-Metal
jump man 93,https://open.spotify.com/artist/4ePSqx1Sex0elyDQEghjZG,,Rock-Metal,Rock-Metal
CTRL 94,https://open.spotify.com/artist/7hZoC4KjWSfmZvm5951axb,,Rock-Metal,Rock-Metal
apxche94,https://open.spotify.com/artist/3uF1velC7A4Z3v1nEp41KK,,Rock-Metal,Rock-Metal
94Tunez,https://open.spotify.com/artist/4weN8vEmTX7PTC5ov38tIQ,,Rock-Metal,Rock-Metal
miraro94,https://open.spotify.com/artist/2EOaFL06Nj7DNXPi0RIGUF,,Rock-Metal,Rock-Metal
Joey Glüten,https://open.spotify.com/artist/5lFw10zeiAoiUZIkOA6x9x,,Rock-Metal,Rock-Metal
Dynamite Shakers,https://open.spotify.com/artist/0T6jBctjBGXqRmXI2pe0aT,,Rock-Metal,Rock-Metal
Romain Muller,https://open.spotify.com/artist/2kNosEaCDLK4OdSzpZWaDu,,Rock-Metal,Rock-Metal
DYE CRAP,https://open.spotify.com/artist/5dACJsbbSkmY4tC7kPpd5x,,Rock-Metal,Rock-Metal
JOUJOU,https://open.spotify.com/artist/573HQlBPoUNZ9HAxvtTRs8,,Rock-Metal,Rock-Metal
Bellboy,https://open.spotify.com/artist/0bJiBQnWEDBV1uaCCof1Y5,,Rock-Metal,Rock-Metal
Balla Diabaté,https://open.spotify.com/artist/315I2IHM3SKeXen5SdTerA,,Rock-Metal,Rock-Metal
Nino Anton,https://open.spotify.com/artist/7cfuTbpKMwFlR97jewHluZ,,Indie-Alternative,Indie-Alternative
ellixtt,https://open.spotify.com/artist/6plh1cMsA4KYmcq2w5Xjk9,,Indie-Alternative,Indie-Alternative
NNOA,https://open.spotify.com/artist/3Z7Krgq3i3qzMf6aaXb2Ft,,Indie-Alternative,Indie-Alternative
Zoéko,https://open.spotify.com/artist/2GxD4cmimiOa66SktLbYXg,,Indie-Alternative,Indie-Alternative
Teddy Attia,https://open.spotify.com/artist/3WZXimPH0admT8F79AOwo8,,Indie-Alternative,Indie-Alternative
Princesse,https://open.spotify.com/artist/6btazhSPWJjAUX7Qvk8CEw,,Indie-Alternative,Indie-Alternative
Satine,https://open.spotify.com/artist/7Abx1tdwQoBDWr1nD1o62B,,Indie-Alternative,Indie-Alternative
Mauvaise Bouche,https://open.spotify.com/artist/5kmLM9mSvPHT8SxGS9DqCo,,Indie-Alternative,Indie-Alternative
FEEL,https://open.spotify.com/artist/7Et5is6sEj6d1naU26wy14,,Indie-Alternative,Indie-Alternative
Ajna,https://open.spotify.com/artist/3tMXAn9bB1GcLfPaukbrSS,,Indie-Alternative,Indie-Alternative
Montjoie !,https://open.spotify.com/artist/6PDtD5soiFoo00fgJ9TbrA,,Indie-Alternative,Indie-Alternative
Paris Banlieue,https://open.spotify.com/artist/3k4NUvgIvclqvb0GQYAfUF,,Indie-Alternative,Indie-Alternative
PARIS.,https://open.spotify.com/artist/5emuVqKy5SWNqFfvvnCxqE,,Jazz-Soul,Jazz-Soul
Paris WYA,https://open.spotify.com/artist/31DWb1WdXY3l8I5kcJQi6o,,Indie-Alternative,Indie-Alternative
Hélène in Paris,https://open.spotify.com/artist/1YJLzVJxhBan1jiLDMFEHG,,Indie-Alternative,Indie-Alternative
Paris Chesnay,https://open.spotify.com/artist/1YwU2xAd6vLUjKYRkuGuZH,,Indie-Alternative,Indie-Alternative
Bouga,https://open.spotify.com/artist/2lAwZifHVNBbwwsiCRprUv,,Indie-Alternative,Indie-Alternative
Jazz douce musique d'ambiance,https://open.spotify.com/artist/50odTEgNT8oNs9BrWD0kS4,,Jazz-Soul,Jazz-Soul
Little Angel en Français,https://open.spotify.com/artist/2IgkzjHmhq0AFQUewxLEiO,,Jazz-Soul,Jazz-Soul
Hedges,https://open.spotify.com/artist/4wIqXlUU7ManNDpURytYbJ,,Jazz-Soul,Jazz-Soul
NESSA,https://open.spotify.com/artist/61msVwDW98mAmUAEhxTyV3,,Jazz-Soul,Jazz-Soul
Annie Lalalove,https://open.spotify.com/artist/0rXEHQAzDXBvblE2EZRBjL,,Jazz-Soul,Jazz-Soul
Cyprien Zeni,https://open.spotify.com/artist/5HIukQzyJCAux8iVQDRgpQ,,Jazz-Soul,Jazz-Soul
Elisa Kwamé,https://open.spotify.com/artist/4ehUDRJ362mPGx5pDfRJr3,,Jazz-Soul,Jazz-Soul
Emma Levy,https://open.spotify.com/artist/6zRUiYWf0IMaNiWNTjgDBi,,Jazz-Soul,Jazz-Soul
Jahzz,https://open.spotify.com/artist/35U6jInsJHzE4rWSEKNMXW,,Jazz-Soul,Jazz-Soul
Oasis de musique jazz relaxant,https://open.spotify.com/artist/4zkbTolDG2HWWYXsx0iAsi,,Jazz-Soul,Jazz-Soul
Jazzy Jazz,https://open.spotify.com/artist/4RnYtxJzF4IX8OyB9PSVj2,,Jazz-Soul,Jazz-Soul
Florian Pellissier,https://open.spotify.com/artist/0xiIT6hCcH1oLeoOZjHo0s,,Jazz-Soul,Jazz-Soul
Funklover,https://open.spotify.com/artist/5Qh3MKB6OIj5TIGyXzqXWU,,Jazz-Soul,Jazz-Soul
IGO,https://open.spotify.com/artist/1KPrTnku8wnG6ImeobQYb4,,Jazz-Soul,Jazz-Soul
LOUIZI,https://open.spotify.com/artist/4TPITKsRC8byP2GRWfqLLB,,Jazz-Soul,Jazz-Soul
Fasco Fleex,https://open.spotify.com/artist/1CEVx7zEsCj9f6MbZa1qjI,,Jazz-Soul,Jazz-Soul
Stella,https://open.spotify.com/artist/5w3hiAOQKr9glXE15H4A6e,,Jazz-Soul,Jazz-Soul
Stan Rittner,https://open.spotify.com/artist/7jF05ML7HuuI8B8dwMlz9b,,Jazz-Soul,Jazz-Soul
Send Me Love Letters,https://open.spotify.com/artist/5RiWMf3FdQCkeAbwZXNcVk,,Jazz-Soul,Jazz-Soul
LIZ,https://open.spotify.com/artist/3vwOPJ92ExWQ4vXJJA3Jk3,,Jazz-Soul,Jazz-Soul
Jazz de bonne humeur,https://open.spotify.com/artist/3RritTMcqcEVuAeEbwhMDx,,Jazz-Soul,Jazz-Soul
New Jazz France,https://open.spotify.com/artist/10zN9gAaRm3XKwtYzVZNql,,Jazz-Soul,Jazz-Soul
MARCEL,https://open.spotify.com/artist/3xu1RkEm6bCSzW7xDrbp0O,,Jazz-Soul,Jazz-Soul
Louis Matute,https://open.spotify.com/artist/29W139vCxg27ll23aYZ9u7,,Jazz-Soul,Jazz-Soul
Nubalix,https://open.spotify.com/artist/6VdWeYimGqEwBMc0PQ1E5A,,Jazz-Soul,Jazz-Soul
Angy,https://open.spotify.com/artist/6Vsl44M2EiCvnaUcD0LtiM,,Jazz-Soul,Jazz-Soul
Razana,https://open.spotify.com/artist/0f7Q8btMcK97T0KVKdP1k9,,Jazz-Soul,Jazz-Soul
VEEKO,https://open.spotify.com/artist/45IMVcKtPxEQpiIOooChbg,,Jazz-Soul,Jazz-Soul
GAL,https://open.spotify.com/artist/1X37AWx6kKH1rHNfXNyfAv,,Jazz-Soul,Jazz-Soul
jean,https://open.spotify.com/artist/2yn91PBgI6paf13mI0I6VQ,,Jazz-Soul,Jazz-Soul
Julien Herné,https://open.spotify.com/artist/4ewiyQXorSfBL48PZCGxAV,,Jazz-Soul,Jazz-Soul
The Bramantes,https://open.spotify.com/artist/0TvSgvgt2sChfiwps07OhE,,Jazz-Soul,Jazz-Soul
Kham Meslien,https://open.spotify.com/artist/3QhhX2z9QPnigL2PPANC0m,,Jazz-Soul,Jazz-Soul
daoud,https://open.spotify.com/artist/3e76yvk1gLZQhKZiUHkMsP,,Jazz-Soul,Jazz-Soul
Lila-May,https://open.spotify.com/artist/6MoTY5UDMYyOuU1ZGl5grx,,Jazz-Soul,Jazz-Soul
Gospel Wave Music,https://open.spotify.com/artist/7IrYSa8T7Nc6QjxA9vKNLs,,Jazz-Soul,Jazz-Soul
Mirella,https://open.spotify.com/artist/2AiSZwbpK1DkbzZPYerNY6,,Jazz-Soul,Jazz-Soul
Sha,https://open.spotify.com/artist/3cedr0F6nofFjXvMn7Arkn,,Jazz-Soul,Jazz-Soul
Victoire Musique,https://open.spotify.com/artist/32sbuppF72lJLfmjCkOtbl,,Jazz-Soul,Jazz-Soul
Tite Rb,https://open.spotify.com/artist/5WHu9zu97hKHoL407CpZSU,,Jazz-Soul,Jazz-Soul
Rayan Labiche,https://open.spotify.com/artist/0wP0trXAvkWgwmoFOZaGmY,,Jazz-Soul,Jazz-Soul
Rob Nor,https://open.spotify.com/artist/0U9HHUbYkMfs2jcuhFTdlo,,Jazz-Soul,Jazz-Soul
Jayce,https://open.spotify.com/artist/389sWYGyr9EOW2lyjnUcQ0,,Jazz-Soul,Jazz-Soul
Ehis 'D' Greatest,https://open.spotify.com/artist/6QdzKE9cMAEFZj1pYcxpsf,,Jazz-Soul,Jazz-Soul
Y Du V,https://open.spotify.com/artist/2x92xPCOeIFd7GqN8O4uKr,,Jazz-Soul,Jazz-Soul
Ysemo,https://open.spotify.com/artist/2PQ18LHI0ybNo8VsgLoxlc,,Jazz-Soul,Jazz-Soul
King David,https://open.spotify.com/artist/2WfcnJTwdLDv27kLEIbKIe,,Jazz-Soul,Jazz-Soul
Rema Loseke,https://open.spotify.com/artist/57312BKhYneXfMn0joe8rk,,Jazz-Soul,Jazz-Soul
Shad0w,https://open.spotify.com/artist/6jXeBCBMdcH6fFk33BSxP9,,Jazz-Soul,Jazz-Soul
Hervé Kumingi,https://open.spotify.com/artist/0XmfETbJoZj9YNGdiqaOzI,,Jazz-Soul,Jazz-Soul
Ojos,https://open.spotify.com/artist/6vjLB7rWDPLOVrzt3GhdPE,,Jazz-Soul,Jazz-Soul
Supertaste,https://open.spotify.com/artist/6C4cWzfNlyH0l5xTQPLQa6,,Jazz-Soul,Jazz-Soul
Soyuz,https://open.spotify.com/artist/2MhHUHbSBQksLp8EzgaRa8,,Jazz-Soul,Jazz-Soul
Ferdi,https://open.spotify.com/artist/1aX9ohWGCXmVvXNCKiRXpd,,Jazz-Soul,Jazz-Soul
Ysé,https://open.spotify.com/artist/5rbd3UDWIlTwn6ezggjxUw,,Jazz-Soul,Jazz-Soul
Hipo,https://open.spotify.com/artist/6yfcoVGojS0XOgw8dVAb0R,,Jazz-Soul,Jazz-Soul
New Jazz Underground,https://open.spotify.com/artist/2yIrk1RE59khwEvVfW0ARD,,Jazz-Soul,Jazz-Soul
New Old Blues,https://open.spotify.com/artist/0G7tBzXhlURMwfJ6PXnSO6,,Jazz-Soul,Jazz-Soul
Parisian Soul,https://open.spotify.com/artist/2DGjHrHeRyLSvvTNNSde43,,Jazz-Soul,Jazz-Soul
Paris Bryant,https://open.spotify.com/artist/4Ng21p92TPTkeAcXJlSB2u,,Jazz-Soul,Jazz-Soul
Soul Parker,https://open.spotify.com/artist/3YOce6LITiugptFrUp3TN7,,Jazz-Soul,Jazz-Soul
Ann Paris,https://open.spotify.com/artist/5havqzZ2p4pi79nnGITZJy,,Jazz-Soul,Jazz-Soul
J. Paris,https://open.spotify.com/artist/1J6V86xKTSp4vPkNuR0Asx,,Jazz-Soul,Jazz-Soul
ParisPlayedYou,https://open.spotify.com/artist/60hKJEpkdqHaeV0rAmZ1v7,,Jazz-Soul,Jazz-Soul
Paris Nights,https://open.spotify.com/artist/2hiOFe5YgRnfw4VUOCLPpu,,Jazz-Soul,Jazz-Soul
Jhevon Paris,https://open.spotify.com/artist/1QZ2JMUuLIwMjVNUE29juM,,Jazz-Soul,Jazz-Soul
Paris Phoebe,https://open.spotify.com/artist/5oNFlUZHoq7lAszeQ0WQbS,,Jazz-Soul,Jazz-Soul
Soul Blues Icon,https://open.spotify.com/artist/0vIqVnTx1NGAefLGAqDfk9,,Jazz-Soul,Jazz-Soul
Soodrummer,https://open.spotify.com/artist/354y9K1lMi0n05GpDY7R1s,,Jazz-Soul,Jazz-Soul
Haz.r,https://open.spotify.com/artist/27v9yUSHN9y7rMbX92unra,,Jazz-Soul,Jazz-Soul
Menzo,https://open.spotify.com/artist/0QnbAn4YLO3az9wPgCimsW,,Jazz-Soul,Jazz-Soul
SKUNK,https://open.spotify.com/artist/1sDx64DECVKoHeolqZLE57,,Jazz-Soul,Jazz-Soul
Vinia Mojica,https://open.spotify.com/artist/1vsWTWAvfdqNeFmXq72SlC,,Jazz-Soul,Jazz-Soul
Hanoa,https://open.spotify.com/artist/2GNVR6z0k9CYjMlqEGBB9U,,Jazz-Soul,Jazz-Soul
Nada,https://open.spotify.com/artist/3ITEeeUF199eEtg4xg3mzB,,Jazz-Soul,Jazz-Soul
Soul Lyons,https://open.spotify.com/artist/3UGF25kpfjw8LmtgfPL20W,,Jazz-Soul,Jazz-Soul
Soulo Lyon,https://open.spotify.com/artist/1c0zXVePaDEpw01ELwk7zD,,Jazz-Soul,Jazz-Soul
SOULO,https://open.spotify.com/artist/3Mo51PzUt7I31HP3pFH1kb,,Jazz-Soul,Jazz-Soul
Tommy Lyon,https://open.spotify.com/artist/2kW9g1GBWSJnZ00fP9tSKg,,Jazz-Soul,Jazz-Soul
Lily Lyons,https://open.spotify.com/artist/5YKAGYFz84gLEI7rAFpIpX,,Jazz-Soul,Jazz-Soul
Soul Panther,https://open.spotify.com/artist/0VXB0OFzi2c8iNB6fuyZxg,,Jazz-Soul,Jazz-Soul
Tyler Lyon,https://open.spotify.com/artist/59Duia6R7ODvDrNx0WRPOe,,Jazz-Soul,Jazz-Soul
soul flying star,https://open.spotify.com/artist/1Thpt5K84fSXxGYGz8LTnt,,Jazz-Soul,Jazz-Soul
Liine,https://open.spotify.com/artist/2qnxVuZSDmKCnMgyXImYFg,,Jazz-Soul,Jazz-Soul
SoulWaxx Records,https://open.spotify.com/artist/63bRo6i0jtw5Kjbb899JRL,,Jazz-Soul,Jazz-Soul
Lino,https://open.spotify.com/artist/5FfHVuOUzXTlvePaNqdrGD,,Jazz-Soul,Jazz-Soul
Soul Blues Icons,https://open.spotify.com/artist/0QCgvplRxUtmDPfbIXsn3u,,Jazz-Soul,Jazz-Soul
Soul Rolled Fox,https://open.spotify.com/artist/3jm4hEoPPIuurinNNvt6uU,,Jazz-Soul,Jazz-Soul
Global Soul Collective,https://open.spotify.com/artist/0aZ11VLQoI1DLIeIjNWT1v,,Jazz-Soul,Jazz-Soul
The Trap-Soul Collective,https://open.spotify.com/artist/0qWMMaf83ba7XA1K6zIw6d,,Jazz-Soul,Jazz-Soul
Machine Soul Collective,https://open.spotify.com/artist/0nBWvb4v45GYOo6FoQMU6X,,Jazz-Soul,Jazz-Soul
THE KILLER-RD,https://open.spotify.com/artist/0uVcrBzUkUXErkh11f4xiP,,Jazz-Soul,Jazz-Soul
Chronic Killer,https://open.spotify.com/artist/5ABCZbK8hBOOuJsLR2tiM0,,Jazz-Soul,Jazz-Soul
Killers To Lovers,https://open.spotify.com/artist/5kbJ6rgATQySo9uhCr5Hlv,,Jazz-Soul,Jazz-Soul
killed garzas,https://open.spotify.com/artist/6NvHswat86wDsGWNqrJxTe,,Jazz-Soul,Jazz-Soul
Lil Slow,https://open.spotify.com/artist/3qO7R87HDwLHUz17pJGfTq,,Jazz-Soul,Jazz-Soul
Le Chœur Gospel de Paris,https://open.spotify.com/artist/5yhQdMUOrHImnco7Fk2Ndd,,Jazz-Soul,Jazz-Soul
køpa,https://open.spotify.com/artist/0iTcy3SRQe3lb6LAx3VdQW,,Jazz-Soul,Jazz-Soul
Brother Dave,https://open.spotify.com/artist/2UjVi9XlroTFCt2vNRJYJL,,Jazz-Soul,Jazz-Soul
Jeho,https://open.spotify.com/artist/0kfqSofharoEDmBkt8pF7K,,Jazz-Soul,Jazz-Soul
Hausa Gospel Artists,https://open.spotify.com/artist/1Cm85IVY3RLeuoqmMljbMf,,Jazz-Soul,Jazz-Soul
Andrae Paris,https://open.spotify.com/artist/1BdCkQGRzmwybx0AJ0sRat,,Jazz-Soul,Jazz-Soul
Gospel Pisadinha,https://open.spotify.com/artist/0EHmIbK2T6xSAxhB2UTW3e,,Jazz-Soul,Jazz-Soul
Marsy,https://open.spotify.com/artist/5NfWhfJbE32aaedAF90NOZ,,Jazz-Soul,Jazz-Soul
Imrah,https://open.spotify.com/artist/38H4tOq5jhinSF5C34lozP,,Jazz-Soul,Jazz-Soul
Marius Psalmiste,https://open.spotify.com/artist/7D5oRKDVOHKULH718U6hOf,,Jazz-Soul,Jazz-Soul
MLK Music,https://open.spotify.com/artist/0XxOI9Tdlh6lLzZeifZdcM,,Jazz-Soul,Jazz-Soul
Elisa Valbon,https://open.spotify.com/artist/3exFZmJfFX3ZHDwNcwXRIJ,,Jazz-Soul,Jazz-Soul
Église Momentum,https://open.spotify.com/artist/5z4hmMC8ycuaWmVLi2yMrr,,Jazz-Soul,Jazz-Soul
M-Kay,https://open.spotify.com/artist/2icPnFIjbq1uggUYmK8MxC,,Jazz-Soul,Jazz-Soul
Momentum Musique,https://open.spotify.com/artist/5YZtodam18KL1xv1iLntQm,,Jazz-Soul,Jazz-Soul
Église SOS Lyon,https://open.spotify.com/artist/3k25eo4Zrj3sq5gYnclM5i,,Jazz-Soul,Jazz-Soul
LionofGod Miracle,https://open.spotify.com/artist/1STU0cOafAo5aLUWexHtll,,Jazz-Soul,Jazz-Soul
Street Gospel Syndicate,https://open.spotify.com/artist/66Uw2ziyb3XVY7DtpmmAgC,,Jazz-Soul,Jazz-Soul
Afaan Oromo Gospel Song,https://open.spotify.com/artist/2di9LeJg5Q4HoPygLqFKwm,,Jazz-Soul,Jazz-Soul
Traditional Gospel Hymns,https://open.spotify.com/artist/6OMmekUyLlg0SWChs47E1U,,Jazz-Soul,Jazz-Soul
Victory In Jesus! 32 Favorite Hymns And Gospel Songs Performers,https://open.spotify.com/artist/2JMLMt7Cr0PdJyrMrvNaZz,,Jazz-Soul,Jazz-Soul
Gospel Wills,https://open.spotify.com/artist/41LRL6GwikpOFVPAcCBDGr,,Jazz-Soul,Jazz-Soul
The Gospel Collective,https://open.spotify.com/artist/6w8fUcmZTcS5BmpNp5azqn,,Jazz-Soul,Jazz-Soul
R&B Gospel Collective,https://open.spotify.com/artist/3SjE9RbcmMoDNGgB4xxlDz,,Jazz-Soul,Jazz-Soul
& The Gospel,https://open.spotify.com/artist/5hUX1fsNd7ldq75FDjDVaL,https://www.deezer.com/artist/1079857,Jazz-Soul,Jazz-Soul
Kizzy Grâce,https://open.spotify.com/artist/3aWBCk1eNFIxEiHMIfEe3A,,Jazz-Soul,Jazz-Soul
Moise Ngofo,https://open.spotify.com/artist/2PZCRNlnKi5vcz6pnATuld,,Jazz-Soul,Jazz-Soul
Darlagoldengoal,https://open.spotify.com/artist/71lXvWl9VZjk8iTjFMFXxZ,,Jazz-Soul,Jazz-Soul
New Generation Music,https://open.spotify.com/artist/52w6XBdo0ZxacJ3n3lZk5I,,Jazz-Soul,Jazz-Soul
Drulo,https://open.spotify.com/artist/4uI8RC8WQcP4R5Q4Vafdfz,,Jazz-Soul,Jazz-Soul
Priscilia Twambi,https://open.spotify.com/artist/3r5kftAxYUODHc6pJKesiI,,Jazz-Soul,Jazz-Soul
FRENCHGRL,https://open.spotify.com/artist/06eMSN9Y5cS7EZX6nnkxpC,,Electro,Electro
Mec touché,https://open.spotify.com/artist/0cfNKSR5Mcvh6jn8iPxcIT,,Electro,Electro
French Accent,https://open.spotify.com/artist/2VJ3zDWRSCtrZFCp5CngkA,,Electro,Electro
Structure Moderne,https://open.spotify.com/artist/5lfzap2Ol9mY9GiPDmKkeO,,Electro,Electro
sheng,https://open.spotify.com/artist/0mAIVu2rtpW9TYcbp88wqn,,Electro,Electro
Adamé,https://open.spotify.com/artist/0sERWA25W58jwsWqspklGe,,Electro,Electro
KELSON,https://open.spotify.com/artist/3PlSpnPQR0dZY50k3jfx7h,,Electro,Electro
F200,https://open.spotify.com/artist/5nnFJb2sF9qok7rGy1hg4d,,Electro,Electro
Zonmai,https://open.spotify.com/artist/690TcJftS8JgJI5iEsYEcU,,Electro,Electro
Adrï,https://open.spotify.com/artist/4kAzuVSztSqtwoPeiN9IFt,,Electro,Electro
Djadja & Dinaz,https://open.spotify.com/artist/6KncyO2kQH8kWtx0ygumFe,,Electro,Electro
Timéa,https://open.spotify.com/artist/0YCkdga5J2ywEOtQKonNqA,,Electro,Electro
Maïa,https://open.spotify.com/artist/5VkCrXUBHElxXQjJhM2k9t,,Electro,Electro
Boris & Moris,https://open.spotify.com/artist/4o3kvOwkHLKBgwcifYQUdF,,Electro,Electro
MANARËM,https://open.spotify.com/artist/5BQdp2NlYGiwVgnCJB3gyX,,Electro,Electro
ELOI,https://open.spotify.com/artist/5J65ukR6WWDkuRrqYa4Knl,,Electro,Electro
Leita,https://open.spotify.com/artist/5UTy08ibUbhiqGhuFm1Gzo,,Electro,Electro
Paris Graffiti.,https://open.spotify.com/artist/5lEhpI9FFydyEYiEOvUm2B,,Electro,Electro
Lizzi From Paris,https://open.spotify.com/artist/7pjAt2oFpRROjSPcFtX2ap,,Electro,Electro
Paris Aguilar,https://open.spotify.com/artist/1Mc8t690mVcoLXnHx89qio,,Electro,Electro
paris grey,https://open.spotify.com/artist/4KknXZqabOrchmilxERFo7,,Electro,Electro
Paris Restaurant Piano Music Masters,https://open.spotify.com/artist/2KD9i1sw2uGdd5rXiArQvi,,Electro,Electro
Hi:Fi,https://open.spotify.com/artist/6uV8YjBSp8HwmLzPYxfkUm,,Electro,Electro
Electric Lion,https://open.spotify.com/artist/32o4dxSM2KBMF5qzyPUhcx,,Electro,Electro
23 Megabits,https://open.spotify.com/artist/7Fa9C5dULBqHdgMOWPT97F,,Electro,Electro
Sacred Lyon,https://open.spotify.com/artist/5NIO0fDOS3vymEzUZmSu9T,,Electro,Electro
Toera,https://open.spotify.com/artist/6BKbcG9l20NTPZftjAIjT4,,Electro,Electro
Robinson,https://open.spotify.com/artist/5naiOQNzbBkyPDOwReNQ51,,Electro,Electro
Sora,https://open.spotify.com/artist/3qCQDPv6jhkGfmtHc0yN0X,,Electro,Electro
IBOU,https://open.spotify.com/artist/5pJR2tjGfbFSqeG52bEawa,,Electro,Electro
raf,https://open.spotify.com/artist/0XVp7RyKFuVEsGz9DPXZDr,,Electro,Electro
Lille Zim,https://open.spotify.com/artist/0auEdg9oRYf4th6bx1aeN0,,Electro,Electro
Lillebil,https://open.spotify.com/artist/43i0yo1aNRT0z0uLGLoSoJ,,Electro,Electro
EREX,https://open.spotify.com/artist/0XnzHfOGCVgYHiIImA595j,,Electro,Electro
Comic Cadence,https://open.spotify.com/artist/55SL0am0tCu4EgCYPHZ6uy,,Electro,Electro
BIRRD,https://open.spotify.com/artist/4AJsNqBqkRLJIngQsvZAGw,,Electro,Electro
Mitsu,https://open.spotify.com/artist/0UtDMY40s91y1EVaBm79RE,,Electro,Electro
Element in One,https://open.spotify.com/artist/3j7tma2AzV1FLqjPd5E5e5,,Electro,Electro
Yoko,https://open.spotify.com/artist/16J3tLlncO9OYPl6Mky2pL,,Electro,Electro
Ejm,https://open.spotify.com/artist/4zy9UthBgjFdNfDckuviQA,,Electro,Electro
Jaspe,https://open.spotify.com/artist/33F3SXunsJsIs5MEvbPx8x,,Electro,Electro
Maïcee,https://open.spotify.com/artist/7pyfZGDbwdsRidi4yjomoA,,Electro,Electro
ANJEES G.G,https://open.spotify.com/artist/4UcMf6XWz02NZg2mnzDFEr,,Electro,Electro
Adieu Salvatore,https://open.spotify.com/artist/4qIhDVc6BugjA7w4vscA9y,,Electro,Electro
1D1R,https://open.spotify.com/artist/4xTTjdhKC6SxsxKwPXMuKN,,Electro,Electro
Michaël Garçon,https://open.spotify.com/artist/6xsegnG02WHijA3pzUCabg,,Electro,Electro
Alexandre Jaouën,https://open.spotify.com/artist/6zNqQ0C7QYYzvmKjHiSh93,,Electro,Electro
symbiose dona,https://open.spotify.com/artist/1K7fN03rVGtpVsLSmqKkUw,,Electro,Electro
Leopoldine HH.,https://open.spotify.com/artist/7i93IDI7yKwLzZ6zYOyUz0,,Electro,Electro
Louis Fontaine,https://open.spotify.com/artist/07MfrZvHXAxlGUWQUtM7wi,,Electro,Electro
Leo Blomov,https://open.spotify.com/artist/3igoTBIv0HgqMvODMgCCQt,,Electro,Electro
Angelus,https://open.spotify.com/artist/6uxjgQVsU1n1knExKwtvdb,,Electro,Electro
Kunginho,https://open.spotify.com/artist/6HOWAImZuRFCX4ndszzj8M,,Electro,Electro
Jarod Gaoudi,https://open.spotify.com/artist/6WF2IcNapqxPhYv6o6eAUI,,Electro,Electro
Kronotrap,https://open.spotify.com/artist/6QkDJO4X7S4QIN0JRooG0X,,Electro,Electro
Trafiquinte,https://open.spotify.com/artist/5HdWyNYybG0xZOdJOShrd6,,Electro,Electro
La Traine,https://open.spotify.com/artist/5tk0jsqb4leLOR0BFzg2ZR,,Electro,Electro
KVRA,https://open.spotify.com/artist/34pX7kbCxF40ZOzaqrd5mM,,Electro,Electro
7AJR,https://open.spotify.com/artist/53AnfUBQCDN7XossdN6Y0h,,Electro,Electro
Barbie François,,https://www.deezer.com/artist/317548591,Autre,Autre
L'ADN DU RAP FRANCAIS,,https://www.deezer.com/artist/59996692,Autre,Rap-HipHop-RnB
Momo Rap Français,,https://www.deezer.com/artist/15208755,Autre,Rap-HipHop-RnB
Rap,,https://www.deezer.com/artist/4029302,Autre,Rap-HipHop-RnB
ATK,,https://www.deezer.com/artist/16017,Autre,Rap-HipHop-RnB
Francis Mercier,,https://www.deezer.com/artist/5180873,Autre,Electro
Francis Lalanne,,https://www.deezer.com/artist/3555,Autre,Pop
François Valéry,,https://www.deezer.com/artist/8715,Autre,Pop
Francis Lai,,https://www.deezer.com/artist/15986,Autre,Autre
Francis Skyes,,https://www.deezer.com/artist/91788562,Autre,Electro
Winx Club,,https://www.deezer.com/artist/371284,Autre,Pop
François de Roubaix,,https://www.deezer.com/artist/10582,Autre,Autre
Francis And The Lights,,https://www.deezer.com/artist/1575744,Autre,Pop
Frank Black,,https://www.deezer.com/artist/1631,Autre,Indie-Alternative
François Morel,,https://www.deezer.com/artist/110589,Autre,Pop
François Leleux,,https://www.deezer.com/artist/76432,Autre,Autre
Frànçois & The Atlas Mountains,,https://www.deezer.com/artist/989667,Autre,Indie-Alternative
François Pérusse,,https://www.deezer.com/artist/3012,Autre,Autre
François Deguelt,,https://www.deezer.com/artist/86799,Autre,Autre
Francisco Canaro,,https://www.deezer.com/artist/88339,Autre,Reggaeton-Latin
Françoiz Breut,,https://www.deezer.com/artist/6787,Autre,Indie-Alternative
Francoise Sanders,,https://www.deezer.com/artist/4158472,Autre,Electro
François Béranger,,https://www.deezer.com/artist/157861,Autre,Pop
Francis Bebey,,https://www.deezer.com/artist/376157,Autre,Autre
Francis et ses peintres,,https://www.deezer.com/artist/5312721,Autre,Pop
François-Xavier Roth,,https://www.deezer.com/artist/795885,Autre,Autre
François Ier,,https://www.deezer.com/artist/5246590,Autre,Electro
François Lazarevitch,,https://www.deezer.com/artist/153762,Autre,Autre
François X,,https://www.deezer.com/artist/311462,Autre,Electro
François & The New Frenchies,,https://www.deezer.com/artist/5436028,Autre,Pop
Francis Lemarque,,https://www.deezer.com/artist/57794,Autre,Pop
Francis Rossi,,https://www.deezer.com/artist/291794,Autre,Pop
François Chaplin,,https://www.deezer.com/artist/152827,Autre,Autre
François Hadji-Lazaro,,https://www.deezer.com/artist/133108,Autre,Pop
Francisco Céspedes,,https://www.deezer.com/artist/65175,Autre,Pop
François Salque,,https://www.deezer.com/artist/4658551,Autre,Autre
Francistyle,,https://www.deezer.com/artist/13087721,Autre,Reggaeton-Latin
François Pierron,,https://www.deezer.com/artist/6106568,Autre,Pop
Francis Goya,,https://www.deezer.com/artist/68472,Autre,Pop
François Ladrezeau,,https://www.deezer.com/artist/355269,Autre,Jazz-Soul
Francis,,https://www.deezer.com/artist/65460112,Autre,Rap-HipHop-RnB
"Francisco, el Hombre",,https://www.deezer.com/artist/11056644,Autre,Autre
François-Adrien Boïeldieu,,https://www.deezer.com/artist/4610701,Autre,Autre
François Joubert-Caillet,,https://www.deezer.com/artist/5114082,Autre,Autre
François Sentinelle,,https://www.deezer.com/artist/221178495,Autre,Pop
François Klark,,https://www.deezer.com/artist/6797593,Autre,Pop
Francis Blanche,,https://www.deezer.com/artist/84490,Autre,Autre
François Périer,,https://www.deezer.com/artist/110785,Autre,Pop
Francis Greg,,https://www.deezer.com/artist/131505342,Autre,Pop
Francisca La Braza,,https://www.deezer.com/artist/55107742,Autre,Reggaeton-Latin
François-René Duchâble,,https://www.deezer.com/artist/64157,Autre,Autre
François-Frédéric Guy,,https://www.deezer.com/artist/162228,Autre,Autre
Francisco Tarrega,,https://www.deezer.com/artist/205652,Autre,Autre
Francois Couturier,,https://www.deezer.com/artist/149252,Autre,Jazz-Soul
Francis Maiv,,https://www.deezer.com/artist/341371,Autre,Pop
François-Henri Houbart,,https://www.deezer.com/artist/1009070,Autre,Autre
Francois-Joel Thiollier,,https://www.deezer.com/artist/292724,Autre,Autre
Francis Karel,,https://www.deezer.com/artist/7310628,Autre,Pop
Francis On My Mind,,https://www.deezer.com/artist/78902812,Autre,Pop
François Dumont,,https://www.deezer.com/artist/1644674,Autre,Indie-Alternative
Francis Mac Douglas,,https://www.deezer.com/artist/193287947,Autre,Electro
François Dal's,,https://www.deezer.com/artist/6109976,Autre,Pop
Francis of Delirium,,https://www.deezer.com/artist/77771672,Autre,Indie-Alternative
François Rabbath,,https://www.deezer.com/artist/263697,Autre,Jazz-Soul
Francis Doom,,https://www.deezer.com/artist/244328142,Autre,Indie-Alternative
Françoise Atlan,,https://www.deezer.com/artist/55475,Autre,Autre
François d'Arjac,,https://www.deezer.com/artist/180213567,Autre,Autre
Françis Lockwood,,https://www.deezer.com/artist/69053,Autre,Jazz-Soul
Francisco Araiza,,https://www.deezer.com/artist/149693,Autre,Autre
Francis Degrandpré,,https://www.deezer.com/artist/109196072,Autre,Country-Folk
Francisco Canaro Y Su Orquesta Tipica,,https://www.deezer.com/artist/243762,Autre,Reggaeton-Latin
Francis Durbridge,,https://www.deezer.com/artist/5424244,Autre,Autre
Francisco Alves,,https://www.deezer.com/artist/81747,Autre,Reggaeton-Latin
Francis Lopes,,https://www.deezer.com/artist/4627428,Autre,Autre
Francis Tra$h,,https://www.deezer.com/artist/14344715,Autre,Rap-HipHop-RnB
"Francisco ""Charro"" Avitia",,https://www.deezer.com/artist/526178,Autre,Reggaeton-Latin
Damaris,,https://www.deezer.com/artist/514408,Autre,Reggaeton-Latin
The Rapparees,,https://www.deezer.com/artist/7572586,Autre,Country-Folk
Los Papis RA7,,https://www.deezer.com/artist/4352161,Autre,Reggaeton-Latin
Fallon,,https://www.deezer.com/artist/356321592,Autre,Rap-HipHop-RnB
Elyon,,https://www.deezer.com/artist/173243357,Autre,Rap-HipHop-RnB
dalynn,,https://www.deezer.com/artist/54031982,Autre,Rap-HipHop-RnB
Dalton,,https://www.deezer.com/artist/383067,Autre,Indie-Alternative
RaeLynn,,https://www.deezer.com/artist/1960571,Autre,Country-Folk
Dan Lyons,,https://www.deezer.com/artist/3122211,Autre,Indie-Alternative
Rapoon,,https://www.deezer.com/artist/60613,Autre,Electro
Ray Lynch,,https://www.deezer.com/artist/448822,Autre,Indie-Alternative
Alhaz,,https://www.deezer.com/artist/52084132,Autre,Rap-HipHop-RnB
Da'ville,,https://www.deezer.com/artist/253199,Autre,Reggaeton-Latin
Raptile,,https://www.deezer.com/artist/10921,Autre,Rap-HipHop-RnB
Rapkilla,,https://www.deezer.com/artist/4081720,Autre,Rap-HipHop-RnB
Radu Ille,,https://www.deezer.com/artist/8654616,Autre,Pop
Rap and Hip Hop Beat Mister,,https://www.deezer.com/artist/5048196,Autre,Rap-HipHop-RnB
Rap All Star,,https://www.deezer.com/artist/7720326,Autre,Rap-HipHop-RnB
F.F.F.,,https://www.deezer.com/artist/3571,Autre,Pop
FFB,,https://www.deezer.com/artist/14305049,Autre,Electro
Coco,,https://www.deezer.com/artist/262163291,Autre,Autre
Peppa Pig (Français),,https://www.deezer.com/artist/110036362,Autre,Autre
K-Pop,,https://www.deezer.com/artist/5604399,Autre,Autre
K-Pop Demon Hunter,,https://www.deezer.com/artist/350574902,Autre,Autre
Alain Chamfort,,https://www.deezer.com/artist/8348,Autre,Pop
Polaris,,https://www.deezer.com/artist/13643833,Autre,Rap-HipHop-RnB
Polygon,,https://www.deezer.com/artist/1379227,Autre,Rock-Metal
Pop Money,,https://www.deezer.com/artist/154781661,Autre,Rap-HipHop-RnB
Pollyn,,https://www.deezer.com/artist/408216,Autre,Electro
Pol_On,,https://www.deezer.com/artist/363364,Autre,Electro
Papyon,,https://www.deezer.com/artist/2669231,Autre,Pop
Pip Millett,,https://www.deezer.com/artist/13117063,Autre,Rap-HipHop-RnB
Lophiile,,https://www.deezer.com/artist/10951742,Autre,Electro
Popsicle,,https://www.deezer.com/artist/66541,Autre,Electro
Pop Will Eat Itself,,https://www.deezer.com/artist/10988,Autre,Rock-Metal
Pinkfong en Français,,https://www.deezer.com/artist/263038951,Autre,Autre
Neal Francis,,https://www.deezer.com/artist/55830502,Autre,Rock-Metal
Les Folies Françoises,,https://www.deezer.com/artist/4365728,Autre,Autre
Hazbin Hotel,,https://www.deezer.com/artist/252433822,Autre,Autre
François Joseph Gossec,,https://www.deezer.com/artist/1637480,Autre,Autre
Solaris,,https://www.deezer.com/artist/13261,Autre,Jazz-Soul
Riot,,https://www.deezer.com/artist/54044302,Autre,Rock-Metal
Soul Control,,https://www.deezer.com/artist/404641,Autre,Indie-Alternative
Soul Syndicate,,https://www.deezer.com/artist/335071,Autre,Reggaeton-Latin
Soul Kontakt,,https://www.deezer.com/artist/3592941,Autre,Electro
Saúl Lallemand,,https://www.deezer.com/artist/5316557,Autre,Reggaeton-Latin
Soulline,,https://www.deezer.com/artist/894064,Autre,Rock-Metal
Saúl Lallermand,,https://www.deezer.com/artist/6047134,Autre,Reggaeton-Latin
Soul Ballet,,https://www.deezer.com/artist/10595,Autre,Jazz-Soul
Soul Seller,,https://www.deezer.com/artist/1656010,Autre,Rock-Metal
Gospel Praise Family,,https://www.deezer.com/artist/88679,Autre,Autre
Pagode Restaura,,https://www.deezer.com/artist/206803037,Autre,Autre
Kreyol Gospel Parts,,https://www.deezer.com/artist/7637196,Autre,Country-Folk
The Gospel Youth,,https://www.deezer.com/artist/7162690,Autre,Rock-Metal
FRENCH TOUCH,,https://www.deezer.com/artist/555982,Autre,Pop
The French Touch NZ,,https://www.deezer.com/artist/62227802,Autre,Pop
Stardust,,https://www.deezer.com/artist/68540642,Autre,Electro
