id,nom,followers,popularity,genres,url_spotify,image_url,genre,source,score,categorie,date_collecte
13IyCFiPKhpVejuTyNulgU,Josas,94308,58,french rap,https://open.spotify.com/artist/13IyCFiPKhpVejuTyNulgU,https://i.scdn.co/image/ab6761610000e5eb448269f61b8f5189121337a1,Rap-HipHop-RnB,Spotify,72.92,Prometteur,2026-01-12
1kvygchIwU4XHXY8xD6ugf,Jeck,97017,56,"french pop, variété française, chanson",https://open.spotify.com/artist/1kvygchIwU4XHXY8xD6ugf,https://i.scdn.co/image/ab6761610000e5eb932f011cc8e5eb2220461f1b,Rap-HipHop-RnB,Spotify,72.06,Prometteur,2026-01-12
1fuooeJa0UywkC89lN5tl6,Bamby,82769,57,"shatta, dancehall, ragga",https://open.spotify.com/artist/1fuooeJa0UywkC89lN5tl6,https://i.scdn.co/image/ab6761610000e5eb2a460a5df38c9d4ac4915203,Afrobeat-Amapiano,Spotify,68.81,Prometteur,2026-01-12
3Gcn7eKPiTv6jwqoyIhVMO,Mous-K,83910,56,french rap,https://open.spotify.com/artist/3Gcn7eKPiTv6jwqoyIhVMO,https://i.scdn.co/image/ab6761610000e5eb064024ecea92bed815551930,Rap-HipHop-RnB,Spotify,68.31,Prometteur,2026-01-12
6SjpwkrjfsNRKajDG4rDbJ,Tovaritch,97281,51,french rap,https://open.spotify.com/artist/6SjpwkrjfsNRKajDG4rDbJ,https://i.scdn.co/image/ab6761610000e5eb3f770d27c222d839e48a4497,Rap-HipHop-RnB,Spotify,68.03,Prometteur,2026-01-12
5SQFDZOMgKao4hMpULEaoI,Joseph Kamel,93841,52,"french pop, variété française, chanson",https://open.spotify.com/artist/5SQFDZOMgKao4hMpULEaoI,https://i.scdn.co/image/ab6761610000e5eb0e8314d608a0dadead12c3b4,Pop,Spotify,67.86,Prometteur,2026-01-12
2iGwIqfIXRskkGakunO9sf,Miel De Montagne,95044,50,"french indie pop, french pop, french house",https://open.spotify.com/artist/2iGwIqfIXRskkGakunO9sf,https://i.scdn.co/image/ab6761610000e5eb88a7cc8cd241694e8abac4f7,Pop,Spotify,66.57,Prometteur,2026-01-12
55Dacc2jL4tgb6Af23NlF6,miki,68900,58,"french pop, french indie pop",https://open.spotify.com/artist/55Dacc2jL4tgb6Af23NlF6,https://i.scdn.co/image/ab6761610000e5ebbc72771d7d3f97683da48ff6,Pop,Spotify,65.75,Prometteur,2026-01-12
68OXIn3MVQ2RMIhQRpBzuB,Dexter HMC,83392,53,french rap,https://open.spotify.com/artist/68OXIn3MVQ2RMIhQRpBzuB,https://i.scdn.co/image/ab6761610000e5ebd99964d4b9e5a96af1aa01a9,Rap-HipHop-RnB,Spotify,65.69,Prometteur,2026-01-12
09FXva53dWku8Gu5N73rR8,Jahyanai,91348,50,"shatta, dancehall, zouk",https://open.spotify.com/artist/09FXva53dWku8Gu5N73rR8,https://i.scdn.co/image/ab6761610000e5eb48e144b0b3f19a6e058d6101,Afrobeat-Amapiano,Spotify,65.5,Prometteur,2026-01-12
1g3dAnqp218LiNN9ng5dIh,Oscar Anton,91313,50,"french indie pop, french pop",https://open.spotify.com/artist/1g3dAnqp218LiNN9ng5dIh,https://i.scdn.co/image/ab6761610000e5eba5ab746fd8286f7b9c14ced0,Electro,Spotify,65.49,Prometteur,2026-01-12
0lbRlAslcfb1mRFpSlo6dC,Ptite Soeur,61309,60,"hyperpop, french rap",https://open.spotify.com/artist/0lbRlAslcfb1mRFpSlo6dC,https://i.scdn.co/image/ab6761610000e5eb1ff4823cc2d279543d3d3e0b,Rap-HipHop-RnB,Spotify,65.35,Prometteur,2026-01-12
2ziSUHAT6LbHKCJIlwHhDG,Camel Power Club,77007,54,,https://open.spotify.com/artist/2ziSUHAT6LbHKCJIlwHhDG,https://i.scdn.co/image/ab6761610000e5eba5947b2204335b4dd3c92434,Pop,Spotify,64.7,Prometteur,2026-01-12
7iXdTXVgCMV5v1c8DFAUoz,Siaka,76749,54,french rap,https://open.spotify.com/artist/7iXdTXVgCMV5v1c8DFAUoz,https://i.scdn.co/image/ab6761610000e5eb239af69a58e2872d57b4afe9,Rap-HipHop-RnB,Spotify,64.63,Prometteur,2026-01-12
4Q4yUu2v7zN40G0LtsnY98,BEN plg,73300,55,french rap,https://open.spotify.com/artist/4Q4yUu2v7zN40G0LtsnY98,https://i.scdn.co/image/ab6761610000e5eb756ac3281009218dc048cd00,Rap-HipHop-RnB,Spotify,64.49,Prometteur,2026-01-12
64s6yr2vWCKyr5Ldwaslwk,Iliona,79735,52,"french pop, french indie pop",https://open.spotify.com/artist/64s6yr2vWCKyr5Ldwaslwk,https://i.scdn.co/image/ab6761610000e5eb560c2b19e92618ad1514fc03,Pop,Spotify,63.82,Prometteur,2026-01-12
1wlqglR1kdPF2T0Rxee11v,Tayron Kwidan's,87587,49,"french r&b, ndombolo, pop urbaine",https://open.spotify.com/artist/1wlqglR1kdPF2T0Rxee11v,https://i.scdn.co/image/ab6761610000e5eb4a08160acaa6b49853dcc087,Afrobeat-Amapiano,Spotify,63.59,Prometteur,2026-01-12
7l6m2BySHwnjJuw22SXwh5,Limsa d'Aulnay,56422,59,french rap,https://open.spotify.com/artist/7l6m2BySHwnjJuw22SXwh5,https://i.scdn.co/image/ab6761610000e5eb687e7c0f175574de1861973c,Rap-HipHop-RnB,Spotify,63.22,Prometteur,2026-01-12
6Pr9pssRV0tD0jdh2Z84td,SAF,82035,50,"pop urbaine, french rap, shatta",https://open.spotify.com/artist/6Pr9pssRV0tD0jdh2Z84td,https://i.scdn.co/image/ab6761610000e5eb3abb3699d07699c53c4fd048,Rap-HipHop-RnB,Spotify,62.83,Prometteur,2026-01-12
0UeKDbiaApyP7qKfcmGN03,Lesram,62573,56,french rap,https://open.spotify.com/artist/0UeKDbiaApyP7qKfcmGN03,https://i.scdn.co/image/ab6761610000e5eb965b7eb9276d01e893f4305f,Rap-HipHop-RnB,Spotify,62.36,Prometteur,2026-01-12
3bZHlENvWWvWYYIsC7vLSi,French Fuse,77428,51,,https://open.spotify.com/artist/3bZHlENvWWvWYYIsC7vLSi,https://i.scdn.co/image/ab6761610000e5eb7b5a406cccab0afd9e4d9033,Afrobeat-Amapiano,Spotify,62.35,Prometteur,2026-01-12
5dDL6ReckbbD5JBnZdobv6,Youka,62484,55,"french r&b, afrobeats, pop urbaine",https://open.spotify.com/artist/5dDL6ReckbbD5JBnZdobv6,https://i.scdn.co/image/ab6761610000e5eb3b02dc4bd0c9025eaaf700b3,Afrobeat-Amapiano,Spotify,61.51,Prometteur,2026-01-12
2MbFuUcFSJlVAbvORsuYM9,NeS,79765,49,"french rap, new wave",https://open.spotify.com/artist/2MbFuUcFSJlVAbvORsuYM9,https://i.scdn.co/image/ab6761610000e5eb9d70d1499045c34361e50fcc,Rap-HipHop-RnB,Spotify,61.36,Prometteur,2026-01-12
0jByDd0pRNXrov9xxc5Hb5,Gold,76074,50,"variété française, chanson",https://open.spotify.com/artist/0jByDd0pRNXrov9xxc5Hb5,https://i.scdn.co/image/ab6761610000e5eb36a5ec2207ba9b8b914a3352,Rock-Metal,Spotify,61.14,Prometteur,2026-01-12
2ln12LyfiK9UkmiYXOiuaF,Lenie,73941,50,french pop,https://open.spotify.com/artist/2ln12LyfiK9UkmiYXOiuaF,https://i.scdn.co/image/ab6761610000e5eb6abdc4d9223346a433e3f1af,Rap-HipHop-RnB,Spotify,60.53,Prometteur,2026-01-12
63fbQTZ9yW3SUsBRYcn1Wm,Julia Minkin,5926,54,french indie pop,https://open.spotify.com/artist/63fbQTZ9yW3SUsBRYcn1Wm,https://i.scdn.co/image/ab6761610000e5eb41e195b3772e9349adadd14d,Pop,Spotify,60.2,Prometteur,2026-01-12
1gFiEIH4TiLrNeoq7rktTH,TR3NACRIA,5305,52,afro house,https://open.spotify.com/artist/1gFiEIH4TiLrNeoq7rktTH,https://i.scdn.co/image/ab6761610000e5eb17f8739b3d07a28cfda82971,Electro,Spotify,59.8,A Surveiller,2026-01-12
604A4NoZD6dhL4VPfv2wB5,O.B.F,74781,48,"dub, reggae, ragga",https://open.spotify.com/artist/604A4NoZD6dhL4VPfv2wB5,https://i.scdn.co/image/ab6761610000e5eb2c870d65a4841b3f91d98f94,Electro,Spotify,59.12,A Surveiller,2026-01-12
2yTwZyGRSRDUjZNsLvIOW4,kulturr,46122,57,"french r&b, pop urbaine",https://open.spotify.com/artist/2yTwZyGRSRDUjZNsLvIOW4,https://i.scdn.co/image/ab6761610000e5eba88f7d3cc726f6677f2a8181,Afrobeat-Amapiano,Spotify,58.91,A Surveiller,2026-01-12
4oUyBawGODm5oYtfa0scxY,Dana,83832,44,chanson,https://open.spotify.com/artist/4oUyBawGODm5oYtfa0scxY,https://i.scdn.co/image/ab6761610000e5eb3ddf82ca26b038e8e6e51c63,Pop,Spotify,58.4,A Surveiller,2026-01-12
6c0lj01vVpHsCH7Z5CfJ9K,916frosty,86620,43,"emo rap, melodic rap",https://open.spotify.com/artist/6c0lj01vVpHsCH7Z5CfJ9K,https://i.scdn.co/image/ab6761610000e5ebcdad66fb48b88f1fcd7a3fea,Rap-HipHop-RnB,Spotify,58.38,A Surveiller,2026-01-12
1Wqloe5S1i29Ff7YiWg0x5,Natoxie,59719,52,"shatta, kompa, zouk",https://open.spotify.com/artist/1Wqloe5S1i29Ff7YiWg0x5,https://i.scdn.co/image/ab6761610000e5ebc3507b8210cbf205b0fa293d,Afrobeat-Amapiano,Spotify,58.26,A Surveiller,2026-01-12
5r3DSRaJz8ckIw4XPH9Whd,Méne,59099,52,"latin r&b, latin indie",https://open.spotify.com/artist/5r3DSRaJz8ckIw4XPH9Whd,https://i.scdn.co/image/ab6761610000e5eb1bed9b72c5ca5f5c8f4a6951,Rap-HipHop-RnB,Spotify,58.09,A Surveiller,2026-01-12
4jF2P66DtNEficnixuIhKQ,marguerite,48631,55,"french pop, variété française",https://open.spotify.com/artist/4jF2P66DtNEficnixuIhKQ,https://i.scdn.co/image/ab6761610000e5eb511a95b6f675ad0adfc3bddf,Pop,Spotify,57.85,A Surveiller,2026-01-12
2swYfXhkzkb8s8djG6UjSm,Rousnam,48350,55,french rap,https://open.spotify.com/artist/2swYfXhkzkb8s8djG6UjSm,https://i.scdn.co/image/ab6761610000e5eb06e55f1eb7c5949238e0b6b9,Rap-HipHop-RnB,Spotify,57.78,A Surveiller,2026-01-12
3rF2ZcZCcwYluO3h9wRP22,An'Om,69950,48,french rap,https://open.spotify.com/artist/3rF2ZcZCcwYluO3h9wRP22,https://i.scdn.co/image/ab6761610000e5ebb2ba06bd16c60800268cc34d,Rap-HipHop-RnB,Spotify,57.76,A Surveiller,2026-01-12
06eMSN9Y5cS7EZX6nnkxpC,FRENCHGRL,4912,49,,https://open.spotify.com/artist/06eMSN9Y5cS7EZX6nnkxpC,https://i.scdn.co/image/ab6761610000e5ebd6b6a174cf708e9fc041f713,Electro,Spotify,57.62,A Surveiller,2026-01-12
7aE6yMO362hvjGyzFFaKXY,Zbig,60343,51,french rap,https://open.spotify.com/artist/7aE6yMO362hvjGyzFFaKXY,https://i.scdn.co/image/ab6761610000e5eb773f5699a95cf9270c1c5323,Rap-HipHop-RnB,Spotify,57.59,A Surveiller,2026-01-12
5fRri7qy8LZBoywvV7KwV1,40000 Gang,83793,43,french rap,https://open.spotify.com/artist/5fRri7qy8LZBoywvV7KwV1,https://i.scdn.co/image/ab67616d0000b27361f749047e2931c7c7aa9a0e,Rap-HipHop-RnB,Spotify,57.56,A Surveiller,2026-01-12
3sOh3Pok0NReizHRp4ochp,Livaï,71760,47,french rap,https://open.spotify.com/artist/3sOh3Pok0NReizHRp4ochp,https://i.scdn.co/image/ab6761610000e5ebface99c43036b50beba2d731,Rap-HipHop-RnB,Spotify,57.44,A Surveiller,2026-01-12
51loVlVgRomkJwd04A6B1e,ZZ,25625,60,french rap,https://open.spotify.com/artist/51loVlVgRomkJwd04A6B1e,https://i.scdn.co/image/ab6761610000e5eb36650aef9a8a6777cb226562,Rap-HipHop-RnB,Spotify,57.37,A Surveiller,2026-01-12
46fYppQRc2dAeDAMnrVb6R,Ashvma,8559,55,,https://open.spotify.com/artist/46fYppQRc2dAeDAMnrVb6R,https://i.scdn.co/image/ab6761610000e5eb97280ddefcdf4c54c8123ee7,Afrobeat-Amapiano,Spotify,56.42,A Surveiller,2026-01-12
41Csk4RHbXp1jnMN4NWwOE,Mikado,30448,58,"shatta, zouk, kompa",https://open.spotify.com/artist/41Csk4RHbXp1jnMN4NWwOE,https://i.scdn.co/image/ab6761610000e5ebed3965fb287e581a5ffd5e2a,Afrobeat-Amapiano,Spotify,56.34,A Surveiller,2026-01-12
7d1ctWXfrUvAe804Zld3Gy,Yoa,45391,54,"french pop, french indie pop",https://open.spotify.com/artist/7d1ctWXfrUvAe804Zld3Gy,https://i.scdn.co/image/ab6761610000e5eb7164567ab7c16ee4e07238ca,Pop,Spotify,56.2,A Surveiller,2026-01-12
43mlbNLGRuLXwqTE8G61JB,Lyonzon,94476,37,"french rap, drill",https://open.spotify.com/artist/43mlbNLGRuLXwqTE8G61JB,https://i.scdn.co/image/ab6761610000e5eb5c008fd22cbc066273b6952e,Rap-HipHop-RnB,Spotify,55.73,A Surveiller,2026-01-12
0RRp1XbMoTmW8zSWC1synA,Rambo goyard,6436,51,,https://open.spotify.com/artist/0RRp1XbMoTmW8zSWC1synA,https://i.scdn.co/image/ab6761610000e5eba8f8fb67081f190e66a14ef7,Afrobeat-Amapiano,Spotify,55.58,A Surveiller,2026-01-12
0hp836fJ9Dleva1XuehHiS,Kima,61878,48,"shatta, zouk",https://open.spotify.com/artist/0hp836fJ9Dleva1XuehHiS,https://i.scdn.co/image/ab6761610000e5ebf20b8db3397280f7f7bcf6e9,Rap-HipHop-RnB,Spotify,55.51,A Surveiller,2026-01-12
5wDSvbjsOg3U8gw0ocQ0zl,Mougli,70089,45,french rap,https://open.spotify.com/artist/5wDSvbjsOg3U8gw0ocQ0zl,https://i.scdn.co/image/ab6761610000e5eb615f34a8fbf48d2fa70d05b8,Rap-HipHop-RnB,Spotify,55.31,A Surveiller,2026-01-12
29DEO5ubNTmLbFSEZDP2we,1T1,51208,51,"shatta, soca, kompa",https://open.spotify.com/artist/29DEO5ubNTmLbFSEZDP2we,https://i.scdn.co/image/ab6761610000e5eb2cfcca9a3b3dc0f14dd4b22a,Afrobeat-Amapiano,Spotify,55.15,A Surveiller,2026-01-12
5zCMyo4rRc63lqoXLKIcgv,Lushe,33164,56,french rap,https://open.spotify.com/artist/5zCMyo4rRc63lqoXLKIcgv,https://i.scdn.co/image/ab6761610000e5ebb94b665a0b5b47618bcff3f4,Rap-HipHop-RnB,Spotify,55.13,A Surveiller,2026-01-12
2VDWsiOnCzMSnxfinUYJkH,Bendo,5328,48,french rap,https://open.spotify.com/artist/2VDWsiOnCzMSnxfinUYJkH,https://i.scdn.co/image/ab6761610000e5eb65df7d1372720a15902b915c,Rap-HipHop-RnB,Spotify,55.02,A Surveiller,2026-01-12
6pg4S5KTCPiEBp0rSWsaI6,HMZ,32178,56,french rap,https://open.spotify.com/artist/6pg4S5KTCPiEBp0rSWsaI6,https://i.scdn.co/image/ab6761610000e5eb801d992ee8cacaed07412b9d,Rap-HipHop-RnB,Spotify,54.93,A Surveiller,2026-01-12
2EnOL1ADehfBQB03ELa3QQ,Léman,58871,48,"french pop, variété française, chanson",https://open.spotify.com/artist/2EnOL1ADehfBQB03ELa3QQ,https://i.scdn.co/image/ab6761610000e5ebdbdb4d7090f7869713fff1a4,Rap-HipHop-RnB,Spotify,54.69,A Surveiller,2026-01-12
7cLUwy0R7N8q1YSjHYZdrU,TRZ,34663,55,"french rap, shatta",https://open.spotify.com/artist/7cLUwy0R7N8q1YSjHYZdrU,https://i.scdn.co/image/ab6761610000e5eb99d26392d8f7454d31c9b6b8,Rap-HipHop-RnB,Spotify,54.57,A Surveiller,2026-01-12
3WUHUmukg1hiSrVCfCoSbF,2 Mètres,15918,57,french rap,https://open.spotify.com/artist/3WUHUmukg1hiSrVCfCoSbF,https://i.scdn.co/image/ab6761610000e5eb71574b9dcdc35a2f6c8c9578,Rap-HipHop-RnB,Spotify,54.54,A Surveiller,2026-01-12
0TMi4dfaeWLOtRybyX09XW,Clio,61270,47,"french indie pop, french pop",https://open.spotify.com/artist/0TMi4dfaeWLOtRybyX09XW,https://i.scdn.co/image/ab6761610000e5eb1cd260f1d0bbe720779a331c,Electro,Spotify,54.52,A Surveiller,2026-01-12
5Hq9W3lm1N9KRCf35RBMab,Danyl,38108,54,french rap,https://open.spotify.com/artist/5Hq9W3lm1N9KRCf35RBMab,https://i.scdn.co/image/ab6761610000e5eba0429d93819c94c509eac490,Rap-HipHop-RnB,Spotify,54.47,A Surveiller,2026-01-12
3mWqCmX0xuzBJN648XSBrE,DL91 Era,17497,57,"desi hip hop, hindi hip hop",https://open.spotify.com/artist/3mWqCmX0xuzBJN648XSBrE,https://i.scdn.co/image/ab6761610000e5ebef0b0a24b4754e838f07ee71,Rap-HipHop-RnB,Spotify,54.36,A Surveiller,2026-01-12
30SVAanrbFS6o0cIVDZ9ta,Thisizlondon,9714,54,"latin afrobeats, afrobeats, afrobeat",https://open.spotify.com/artist/30SVAanrbFS6o0cIVDZ9ta,https://i.scdn.co/image/ab6761610000e5eb70fba59b62b3f083fc7468b0,Afrobeat-Amapiano,Spotify,54.23,A Surveiller,2026-01-12
4vbZKiwmvbbW6onily9SJ5,Styleto,53820,49,"french pop, variété française",https://open.spotify.com/artist/4vbZKiwmvbbW6onily9SJ5,https://i.scdn.co/image/ab6761610000e5ebfb6ddfd62bb4eeeabe41977b,Pop,Spotify,54.17,A Surveiller,2026-01-12
5bpoMhoeJ19sJSuELfgWMk,Missan,36581,54,,https://open.spotify.com/artist/5bpoMhoeJ19sJSuELfgWMk,https://i.scdn.co/image/ab6761610000e5eb2edb1a9675ccfc4d661e2c08,Rap-HipHop-RnB,Spotify,54.13,A Surveiller,2026-01-12
2fAaFNSG0aQucjQigOtHZF,Tibz,74654,42,"french pop, variété française, chanson",https://open.spotify.com/artist/2fAaFNSG0aQucjQigOtHZF,https://i.scdn.co/image/ab6761610000e5eb5c66d1d3f87e0f186b73b8e8,Pop,Spotify,54.12,A Surveiller,2026-01-12
7p0odCZxOVz684NjXt1dEf,Le Wanski,71628,43,"tekno, psytrance, techno",https://open.spotify.com/artist/7p0odCZxOVz684NjXt1dEf,https://i.scdn.co/image/ab6761610000e5ebfc5801ec10f3064787bbf38d,Electro,Spotify,54.09,A Surveiller,2026-01-12
0utiBmutysHdb0zXFCLMT2,XVI,3601,45,,https://open.spotify.com/artist/0utiBmutysHdb0zXFCLMT2,https://i.scdn.co/image/ab6761610000e5eb11806d96f5bf957b1ae35d5c,Afrobeat-Amapiano,Spotify,54.08,A Surveiller,2026-01-12
1h9kOJqZoCwgSbokQw6GsU,Lerizzle,3001,45,german hip hop,https://open.spotify.com/artist/1h9kOJqZoCwgSbokQw6GsU,https://i.scdn.co/image/ab6761610000e5ebe7c3f23362631d7bef029e04,Rap-HipHop-RnB,Spotify,53.9,A Surveiller,2026-01-12
3VI6nyKdPVIBxorjS5rYNd,Rose,70896,43,"french jazz, french pop, variété française",https://open.spotify.com/artist/3VI6nyKdPVIBxorjS5rYNd,https://i.scdn.co/image/ab6761610000e5eb2f1456c51ad380331e9f7aad,Pop,Spotify,53.88,A Surveiller,2026-01-12
5blvB6N3OACeH0gJL9BRqf,Ino Casablanca,29461,55,french rap,https://open.spotify.com/artist/5blvB6N3OACeH0gJL9BRqf,https://i.scdn.co/image/ab6761610000e5eb9fc6a7e6e4b6e0c63401be2a,Rap-HipHop-RnB,Spotify,53.57,A Surveiller,2026-01-12
60HWrpmSefhtMWCkghazzG,S2,17176,56,french rap,https://open.spotify.com/artist/60HWrpmSefhtMWCkghazzG,https://i.scdn.co/image/ab6761610000e5eb65e0d14bd3e4ca4c134759a9,Rap-HipHop-RnB,Spotify,53.47,A Surveiller,2026-01-12
0IUp0l21VlpoOz8525KfAJ,Mack H.D,21500,56,"afrobeats, afrobeat, afro r&b",https://open.spotify.com/artist/0IUp0l21VlpoOz8525KfAJ,https://i.scdn.co/image/ab6761610000e5eb1d092b7af46121ba29d2c76b,Afrobeat-Amapiano,Spotify,53.46,A Surveiller,2026-01-12
36HOtWiV4nn0luNGSn2xAT,Jungle Jack,37385,53,french rap,https://open.spotify.com/artist/36HOtWiV4nn0luNGSn2xAT,https://i.scdn.co/image/ab6761610000e5ebee435ebbdd7b1f33b3d656fb,Rap-HipHop-RnB,Spotify,53.45,A Surveiller,2026-01-12
7pcG7za39JaUHalwqiuCt9,MPL,47336,50,"french pop, french indie pop, variété française",https://open.spotify.com/artist/7pcG7za39JaUHalwqiuCt9,https://i.scdn.co/image/ab6761610000e5eb3b043e49065a2cf68e76c0cc,Pop,Spotify,53.31,A Surveiller,2026-01-12
0VWHKHfSFwUhP0cuvVUfRN,WIXO & LA2S,32405,54,french rap,https://open.spotify.com/artist/0VWHKHfSFwUhP0cuvVUfRN,https://i.scdn.co/image/ab6761610000e5ebc9bb882e1240850ce794e9f2,Rap-HipHop-RnB,Spotify,53.25,A Surveiller,2026-01-12
1wRx48q25O8HPDTyNOUQ2k,63OG,31936,54,french rap,https://open.spotify.com/artist/1wRx48q25O8HPDTyNOUQ2k,https://i.scdn.co/image/ab6761610000e5ebbff8b62dd4354c96d4599583,Rap-HipHop-RnB,Spotify,53.16,A Surveiller,2026-01-12
2jxihp917o7WCCEN3xZXww,Killa Predator,2753,44,,https://open.spotify.com/artist/2jxihp917o7WCCEN3xZXww,https://i.scdn.co/image/ab6761610000e5eb18bec624155717f6cfa77350,Afrobeat-Amapiano,Spotify,53.03,A Surveiller,2026-01-12
5hV6TRKQwmvIWKTlsob1z8,Bobbyezz,34640,53,german hip hop,https://open.spotify.com/artist/5hV6TRKQwmvIWKTlsob1z8,https://i.scdn.co/image/ab6761610000e5ebeefb4d37e96874ef1fa7e8d0,Rap-HipHop-RnB,Spotify,52.85,A Surveiller,2026-01-12
5Iib8YFyekylXZIqcVT1Qk,KGS,1653,44,"shatta, kizomba",https://open.spotify.com/artist/5Iib8YFyekylXZIqcVT1Qk,https://i.scdn.co/image/ab6761610000e5ebf208e96a029a7eff537d4ffa,Afrobeat-Amapiano,Spotify,52.7,A Surveiller,2026-01-12
1Nm9adUt6D5iuhRgirlgF2,Huntrill,22954,55,french rap,https://open.spotify.com/artist/1Nm9adUt6D5iuhRgirlgF2,https://i.scdn.co/image/ab6761610000e5eb38bf2ceb8caee8f86ad541e0,Pop,Spotify,52.68,A Surveiller,2026-01-12
76aDH2U2OFw00wOWvhK6pk,Prod. 94,8246,51,,https://open.spotify.com/artist/76aDH2U2OFw00wOWvhK6pk,https://i.scdn.co/image/ab6761610000e5eb9e3d9f0864cbe0d2b07648a4,Rap-HipHop-RnB,Spotify,52.64,A Surveiller,2026-01-12
5bRjVnu5q4ySUkVYifxtGE,Vanou,1020,44,"shatta, dancehall",https://open.spotify.com/artist/5bRjVnu5q4ySUkVYifxtGE,https://i.scdn.co/image/ab6761610000e5ebcea26835aaa5520dbb549630,Afrobeat-Amapiano,Spotify,52.51,A Surveiller,2026-01-12
6Tzkt668w24f7uHLTiq6tr,DVM,43347,50,french rap,https://open.spotify.com/artist/6Tzkt668w24f7uHLTiq6tr,https://i.scdn.co/image/ab6761610000e5eb6024982995f9f80c1b3b57a4,Rap-HipHop-RnB,Spotify,52.31,A Surveiller,2026-01-12
2D15WFlWJuCeEGC1LGss6X,Lisa Pariente,39644,51,"french pop, variété française",https://open.spotify.com/artist/2D15WFlWJuCeEGC1LGss6X,https://i.scdn.co/image/ab6761610000e5eb7f55ee81e8fa219dca028a82,Pop,Spotify,52.27,A Surveiller,2026-01-12
3TP2Ucsow6rW1s24aq9gb4,Lagui,7758,50,,https://open.spotify.com/artist/3TP2Ucsow6rW1s24aq9gb4,https://i.scdn.co/image/ab6761610000e5ebd18ed8e3137beb4234c9d65f,Rap-HipHop-RnB,Spotify,52.22,A Surveiller,2026-01-12
2PVg2kfkw7jNNVfy6ouB3H,Kpri,67913,42,french rap,https://open.spotify.com/artist/2PVg2kfkw7jNNVfy6ouB3H,https://i.scdn.co/image/ab6761610000e5eb937384b0b440535fe6eb3501,Rap-HipHop-RnB,Spotify,52.21,A Surveiller,2026-01-12
15saPvefLxxtw3nvTOCUg0,Lille Saus,1942,43,"russelåter, epadunk",https://open.spotify.com/artist/15saPvefLxxtw3nvTOCUg0,https://i.scdn.co/image/ab6761610000e5eb6201975cdce5d4e2f458eb9a,Rap-HipHop-RnB,Spotify,51.98,A Surveiller,2026-01-12
4yDo1iZ02sOpLsh1oGAAg9,Seth Sad,54955,46,,https://open.spotify.com/artist/4yDo1iZ02sOpLsh1oGAAg9,https://i.scdn.co/image/ab6761610000e5eb954e01e97510c56f42f55e34,Rap-HipHop-RnB,Spotify,51.96,A Surveiller,2026-01-12
7FXX45sHqoQoCwqtG0ZV8H,Solda,10131,52,french rap,https://open.spotify.com/artist/7FXX45sHqoQoCwqtG0ZV8H,https://i.scdn.co/image/ab67616d0000b27305a6f7c1af5093823ddf9ffc,Rap-HipHop-RnB,Spotify,51.9,A Surveiller,2026-01-12
2K1JOV2mHYXJh0kpNSwER4,Samy Lrzo,66454,42,"french r&b, ndombolo",https://open.spotify.com/artist/2K1JOV2mHYXJh0kpNSwER4,https://i.scdn.co/image/ab6761610000e5eb0ec2f97b755ae10fe395c484,Afrobeat-Amapiano,Spotify,51.8,A Surveiller,2026-01-12
2ktXCualVDXC8h7jNOuyoQ,La Plaie,37606,51,french rap,https://open.spotify.com/artist/2ktXCualVDXC8h7jNOuyoQ,https://i.scdn.co/image/ab6761610000e5eb350a93404f43aa9b76f49e90,Rap-HipHop-RnB,Spotify,51.79,A Surveiller,2026-01-12
2NtvkyG03ApOKPBj3TcQRt,Sheu,44324,49,french rap,https://open.spotify.com/artist/2NtvkyG03ApOKPBj3TcQRt,https://i.scdn.co/image/ab6761610000e5eb39c504dc096290b43fe85292,Rap-HipHop-RnB,Spotify,51.71,A Surveiller,2026-01-12
0plNgbIlOc13T8ot3vyK79,93FEETOFSMOKE,71518,40,"emo rap, cloud rap",https://open.spotify.com/artist/0plNgbIlOc13T8ot3vyK79,https://i.scdn.co/image/ab6761610000e5eb5c4e2e30115f97a97c8276e2,Rap-HipHop-RnB,Spotify,51.57,A Surveiller,2026-01-12
1J7b2Snol73xTmYILnCk1t,Eloïz,38882,50,"french pop, variété française, chanson",https://open.spotify.com/artist/1J7b2Snol73xTmYILnCk1t,https://i.scdn.co/image/ab6761610000e5eb0112ac8770ab64fac00ed6ed,Pop,Spotify,51.24,A Surveiller,2026-01-12
71x0OO2toFjXrMRcufL9tv,Poupie,52075,46,"french pop, variété française, pop urbaine",https://open.spotify.com/artist/71x0OO2toFjXrMRcufL9tv,https://i.scdn.co/image/ab6761610000e5ebe412047e64d37139421bef8b,Pop,Spotify,51.19,A Surveiller,2026-01-12
1ESz23V2EMNGK2WhuAsTN9,Marlo,1966,42,french rap,https://open.spotify.com/artist/1ESz23V2EMNGK2WhuAsTN9,https://i.scdn.co/image/ab6761610000e5ebf5739ca98b1a6ccd330278f4,Electro,Spotify,51.19,A Surveiller,2026-01-12
0jezfHhTNUwE6PwIC0IdXD,Jose Garcia,1922,42,,https://open.spotify.com/artist/0jezfHhTNUwE6PwIC0IdXD,https://i.scdn.co/image/ab6761610000e5ebb34969987b202f53ac4b399a,Jazz-Soul,Spotify,51.18,A Surveiller,2026-01-12
3i2AdhSP4YeSYY1m5JoUnK,Boumidjal X,1850,42,,https://open.spotify.com/artist/3i2AdhSP4YeSYY1m5JoUnK,https://i.scdn.co/image/ab6761610000e5eb39d0820ba70982019c6d3c4c,Afrobeat-Amapiano,Spotify,51.16,A Surveiller,2026-01-12
0et1mZYLCSVBIBUY94B8Xn,Sokuu,51600,46,,https://open.spotify.com/artist/0et1mZYLCSVBIBUY94B8Xn,https://i.scdn.co/image/ab6761610000e5eb1c4ecb6ab077ed31a14aa922,Rap-HipHop-RnB,Spotify,51.06,A Surveiller,2026-01-12
41CySalxZ2GST1n69SqsZ1,Vayn,6486,47,french rap,https://open.spotify.com/artist/41CySalxZ2GST1n69SqsZ1,https://i.scdn.co/image/ab6761610000e5eb9997cadfa3459a48379bc632,Rap-HipHop-RnB,Spotify,51.04,A Surveiller,2026-01-12
4acowSAiQXmdhs4DCgUQ0U,Ryflo,23259,53,french rap,https://open.spotify.com/artist/4acowSAiQXmdhs4DCgUQ0U,https://i.scdn.co/image/ab6761610000e5ebb948ee3850187ecd8e141ae4,Rap-HipHop-RnB,Spotify,50.94,A Surveiller,2026-01-12
1sJDvsoQ9X10dibPnSSlsV,Waxx,37470,50,,https://open.spotify.com/artist/1sJDvsoQ9X10dibPnSSlsV,https://i.scdn.co/image/ab6761610000e5eb18739e1a279d27f9dc4cfb14,Rap-HipHop-RnB,Spotify,50.91,A Surveiller,2026-01-12
7LBRgobZF7IvkSKljcuGDb,Lenaïg,33279,51,"french pop, chanson",https://open.spotify.com/artist/7LBRgobZF7IvkSKljcuGDb,https://i.scdn.co/image/ab6761610000e5ebc348943d32397ff5e3db60d9,Pop,Spotify,50.85,A Surveiller,2026-01-12
5bvwbAyrx6Yk8oLHqOnJ9p,Fhin,47331,47,french indie pop,https://open.spotify.com/artist/5bvwbAyrx6Yk8oLHqOnJ9p,https://i.scdn.co/image/ab6761610000e5eb743b94b62a0aab9d8a686281,Jazz-Soul,Spotify,50.79,A Surveiller,2026-01-12
1AmK5toq2JV8BT9tCkDFAa,Tazeboy,43593,48,"rap ivoire, coupé décalé, ndombolo",https://open.spotify.com/artist/1AmK5toq2JV8BT9tCkDFAa,https://i.scdn.co/image/ab6761610000e5eb1c23df18a7428c5b786c70b9,Afrobeat-Amapiano,Spotify,50.68,A Surveiller,2026-01-12
0k3C7u1fCchhNMHbcBy9xN,Kamelon Officiel,12720,52,shatta,https://open.spotify.com/artist/0k3C7u1fCchhNMHbcBy9xN,https://i.scdn.co/image/ab6761610000e5ebd61028ce6a197a39fd8b9dbe,Afrobeat-Amapiano,Spotify,50.59,A Surveiller,2026-01-12
06iezeOUHGb86SaoYTyexg,ESTL,39493,49,,https://open.spotify.com/artist/06iezeOUHGb86SaoYTyexg,https://i.scdn.co/image/ab6761610000e5eb22cfa02b94a3108c7078494e,Pop,Spotify,50.53,A Surveiller,2026-01-12
42ATKPvmj81n9JDOunFpqr,Jamso,13199,52,french rap,https://open.spotify.com/artist/42ATKPvmj81n9JDOunFpqr,https://i.scdn.co/image/ab6761610000e5ebe3ddf4dd992fc61ea6753587,Rap-HipHop-RnB,Spotify,50.44,A Surveiller,2026-01-12
3ZrvguSuVvHrFwbu9lFVe6,Zaka Lavista,1521,41,,https://open.spotify.com/artist/3ZrvguSuVvHrFwbu9lFVe6,https://i.scdn.co/image/ab6761610000e5eb9e410773717eab19ded5f490,Afrobeat-Amapiano,Spotify,50.26,A Surveiller,2026-01-12
6GGkEuZHoNpJsKYNZml2gL,THÉA,34160,50,hyperpop,https://open.spotify.com/artist/6GGkEuZHoNpJsKYNZml2gL,https://i.scdn.co/image/ab6761610000e5eb866b62d3d713cb4511599e9f,Pop,Spotify,50.18,A Surveiller,2026-01-12
3uiTnIx5N6ZWAPkPb8GFC9,Lybro,41532,48,"shatta, french rap",https://open.spotify.com/artist/3uiTnIx5N6ZWAPkPb8GFC9,https://i.scdn.co/image/ab6761610000e5eb573c398dee1fd2318466bbc2,Rap-HipHop-RnB,Spotify,50.17,A Surveiller,2026-01-12
1uN3byO6WUB2dSDg6XpsEw,Gaëlle,47083,46,"kompa, zouk, shatta",https://open.spotify.com/artist/1uN3byO6WUB2dSDg6XpsEw,https://i.scdn.co/image/ab6761610000e5eb2a08a2e5313bd991b936738d,Afrobeat-Amapiano,Spotify,49.88,A Surveiller,2026-01-12
0Dr1nbwa1KW5wHYUCsrnAF,Metah,20970,52,french rap,https://open.spotify.com/artist/0Dr1nbwa1KW5wHYUCsrnAF,https://i.scdn.co/image/ab6761610000e5ebb227d8d465a1fd613102e965,Rap-HipHop-RnB,Spotify,49.85,A Surveiller,2026-01-12
362uHPHfDmbmnXTy3w8ro4,2zg,27917,51,french rap,https://open.spotify.com/artist/362uHPHfDmbmnXTy3w8ro4,https://i.scdn.co/image/ab6761610000e5eb3f31251e04814205ea294b85,Rap-HipHop-RnB,Spotify,49.83,A Surveiller,2026-01-12
4ii7OZHtY3E4ndPm1MFMSR,PZK,46803,46,,https://open.spotify.com/artist/4ii7OZHtY3E4ndPm1MFMSR,https://i.scdn.co/image/ab6761610000e5eb560420ae3ef7d179a84a1ab6,Pop,Spotify,49.81,A Surveiller,2026-01-12
3OFleM2K9wTLzf0wry6He3,Konieur,18390,52,french rap,https://open.spotify.com/artist/3OFleM2K9wTLzf0wry6He3,https://i.scdn.co/image/ab6761610000e5ebba582f7c5ca7233d2f50a586,Rap-HipHop-RnB,Spotify,49.77,A Surveiller,2026-01-12
5resnspF60fUdkKmQHn8em,Clara Ysé,49587,45,"chanson, french pop, variété française",https://open.spotify.com/artist/5resnspF60fUdkKmQHn8em,https://i.scdn.co/image/ab6761610000e5ebb702d2be075be87c3c7178f0,Pop,Spotify,49.69,A Surveiller,2026-01-12
0TGeOStDbxqVi8UJdBQsEx,Zélie,42465,47,"french pop, french indie pop",https://open.spotify.com/artist/0TGeOStDbxqVi8UJdBQsEx,https://i.scdn.co/image/ab6761610000e5eb3fbdc42549d8a9af1cb6f7a6,Pop,Spotify,49.55,A Surveiller,2026-01-12
6Miu2EYSCD74K7VzDYostC,Vernis Rouge,34463,49,french pop,https://open.spotify.com/artist/6Miu2EYSCD74K7VzDYostC,https://i.scdn.co/image/ab6761610000e5eb6707dda29387b59f8a05dbbf,Pop,Spotify,49.38,A Surveiller,2026-01-12
3glvSAS5Z6057HM9ov0HOt,Elle Valenci,24351,51,,https://open.spotify.com/artist/3glvSAS5Z6057HM9ov0HOt,https://i.scdn.co/image/ab6761610000e5eb70720668b150ae80b73ac778,Jazz-Soul,Spotify,49.29,A Surveiller,2026-01-12
4rKMthZmMbSiMdow1f1rBE,RDN,14160,51,french rap,https://open.spotify.com/artist/4rKMthZmMbSiMdow1f1rBE,https://i.scdn.co/image/ab6761610000e5eb3420c2c27bb051131976609d,Rap-HipHop-RnB,Spotify,49.25,A Surveiller,2026-01-12
2K8TwF85tEXePefdOxPZTW,RDR,4542,41,french rap,https://open.spotify.com/artist/2K8TwF85tEXePefdOxPZTW,https://i.scdn.co/image/ab6761610000e5eb8224853e6f11aa7f0082630d,Rap-HipHop-RnB,Spotify,49.22,A Surveiller,2026-01-12
6LNDkL0VeHXi0fMuefWS1w,TVLM,16699,51,french rap,https://open.spotify.com/artist/6LNDkL0VeHXi0fMuefWS1w,https://i.scdn.co/image/ab6761610000e5eb581eb8efbfb3b1f6d2393e4d,Rap-HipHop-RnB,Spotify,48.92,A Surveiller,2026-01-12
1DcL22xdIWcdNa4ZHaXZjT,Bianca Costa,31697,49,,https://open.spotify.com/artist/1DcL22xdIWcdNa4ZHaXZjT,https://i.scdn.co/image/ab6761610000e5eb0efadb1416d542a36766a1d8,Rap-HipHop-RnB,Spotify,48.8,A Surveiller,2026-01-12
0C0OTAymY2bmqgYZ0WZCJI,Amaury,1305,39,"french pop, french indie pop",https://open.spotify.com/artist/0C0OTAymY2bmqgYZ0WZCJI,https://i.scdn.co/image/ab6761610000e5ebf44a76cd41ffae336047977a,Pop,Spotify,48.59,A Surveiller,2026-01-12
1DX6FDD9VMN2eJCmeFVbHi,Shayne,28254,49,french rap,https://open.spotify.com/artist/1DX6FDD9VMN2eJCmeFVbHi,https://i.scdn.co/image/ab6761610000e5eb72a4c604ef3d67dd954dd6cd,Afrobeat-Amapiano,Spotify,48.14,A Surveiller,2026-01-12
6CZhbpXpR3VJNQWFkwd2Ic,Noé Preszow,35698,47,"french pop, variété française, chanson",https://open.spotify.com/artist/6CZhbpXpR3VJNQWFkwd2Ic,https://i.scdn.co/image/ab6761610000e5ebb990e19bd9389c8e3bc4777d,Pop,Spotify,47.94,A Surveiller,2026-01-12
0M81CoQJFvfJH9BNnJvbQl,Almas,3927,38,italian trap,https://open.spotify.com/artist/0M81CoQJFvfJH9BNnJvbQl,https://i.scdn.co/image/ab6761610000e5eb4ed004280089547b2c80bde3,Rap-HipHop-RnB,Spotify,47.93,A Surveiller,2026-01-12
3Nmm3IacxsC92dEP0kWL3z,Tatiana Eva-Marie,49130,43,"french jazz, swing music",https://open.spotify.com/artist/3Nmm3IacxsC92dEP0kWL3z,https://i.scdn.co/image/ab6761610000e5eb2053d886904d5ed92749bcba,Jazz-Soul,Spotify,47.89,A Surveiller,2026-01-12
3IrNp8pf0ugwmIEiGJCRse,Wamen,48938,43,french r&b,https://open.spotify.com/artist/3IrNp8pf0ugwmIEiGJCRse,https://i.scdn.co/image/ab6761610000e5eb2f83173b97f8e828e3afc48c,Jazz-Soul,Spotify,47.84,A Surveiller,2026-01-12
026nk210FPO26xMwpoew70,La Maîtrise de Saint Marc - LES CHORISTES,13166,49,,https://open.spotify.com/artist/026nk210FPO26xMwpoew70,https://i.scdn.co/image/ab6761610000e5eb660a03ee288d8ed85561532d,Pop,Spotify,47.59,A Surveiller,2026-01-12
5BQdp2NlYGiwVgnCJB3gyX,MANARËM,14290,49,,https://open.spotify.com/artist/5BQdp2NlYGiwVgnCJB3gyX,https://i.scdn.co/image/ab6761610000e5eb4e144c7403f93336665858f1,Electro,Spotify,47.34,A Surveiller,2026-01-12
0eFmnuvX7ZDCsnOesNifzb,Neaj,2415,37,"rap ivoire, afrobeats, kompa",https://open.spotify.com/artist/0eFmnuvX7ZDCsnOesNifzb,https://i.scdn.co/image/ab6761610000e5eb9b825290aa7baa4584aca85a,Afrobeat-Amapiano,Spotify,47.32,A Surveiller,2026-01-12
27y3Ud8v0SrHGx0uOYN34z,Maks,14587,49,french rap,https://open.spotify.com/artist/27y3Ud8v0SrHGx0uOYN34z,https://i.scdn.co/image/ab6761610000e5eb65c2777891ddf492737a99dc,Rap-HipHop-RnB,Spotify,47.29,A Surveiller,2026-01-12
1q3qfgcLt7dhYNdWLEXgkX,Le D,7506,45,"shatta, coupé décalé, rap ivoire",https://open.spotify.com/artist/1q3qfgcLt7dhYNdWLEXgkX,https://i.scdn.co/image/ab6761610000e5eb4aca18083b86329dbdf8b21c,Afrobeat-Amapiano,Spotify,47.24,A Surveiller,2026-01-12
7H3zHwjR1Wdxk6JVWV2a6c,Arèndi,1878,37,"shatta, zouk, kompa",https://open.spotify.com/artist/7H3zHwjR1Wdxk6JVWV2a6c,https://i.scdn.co/image/ab6761610000e5eb4a6f8e794fb8a55a19195dbc,Afrobeat-Amapiano,Spotify,47.16,A Surveiller,2026-01-12
2J0cbdwUlJkBYkQYIDDU5k,Tigre d'Eau Douce,4822,40,,https://open.spotify.com/artist/2J0cbdwUlJkBYkQYIDDU5k,https://i.scdn.co/image/ab67616d0000b2736b5ae962903762aea414b355,Jazz-Soul,Spotify,47.04,A Surveiller,2026-01-12
6vorHF3qW6vODkQP51kGlk,DAYSY,8879,46,"french pop, variété française",https://open.spotify.com/artist/6vorHF3qW6vODkQP51kGlk,https://i.scdn.co/image/ab6761610000e5eb21cbe4f29c68eac9a3e1865b,Pop,Spotify,46.83,A Surveiller,2026-01-12
0fEd76ZuO65826Q6ilZIuO,Lijay,8945,46,"shatta, dancehall, kompa",https://open.spotify.com/artist/0fEd76ZuO65826Q6ilZIuO,https://i.scdn.co/image/ab6761610000e5ebe5b0c4e0b90963083015d0b9,Rap-HipHop-RnB,Spotify,46.77,A Surveiller,2026-01-12
1BC1J2L4JXtQG3JgtDVCrk,ZABUZA,10650,47,french rap,https://open.spotify.com/artist/1BC1J2L4JXtQG3JgtDVCrk,https://i.scdn.co/image/ab6761610000e5eb67119658018e9abbc70ab16e,Rap-HipHop-RnB,Spotify,46.62,A Surveiller,2026-01-12
1rBnd8KxDndiiiIyjOsFtw,Dika,39903,44,french rap,https://open.spotify.com/artist/1rBnd8KxDndiiiIyjOsFtw,https://i.scdn.co/image/ab6761610000e5ebba4e3f6d16ab9229fe62c5c5,Rap-HipHop-RnB,Spotify,46.38,A Surveiller,2026-01-12
7Kgv8CorcAKsG4of90vA5I,St Graal,27629,47,"french pop, french indie pop",https://open.spotify.com/artist/7Kgv8CorcAKsG4of90vA5I,https://i.scdn.co/image/ab6761610000e5eb6735df6a7e0dac8d8454bf96,Pop,Spotify,46.29,A Surveiller,2026-01-12
6Rii9NJk3gtAOB1qnbTYPM,Danthology,5076,40,"shatta, dancehall",https://open.spotify.com/artist/6Rii9NJk3gtAOB1qnbTYPM,https://i.scdn.co/image/ab67616d0000b273cc3023413c158c157c5ff8d8,Afrobeat-Amapiano,Spotify,46.28,A Surveiller,2026-01-12
3bM1MZ42q6lUJqHDaDwcKr,Marie-Flore,35799,45,"french pop, french indie pop, variété française",https://open.spotify.com/artist/3bM1MZ42q6lUJqHDaDwcKr,https://i.scdn.co/image/ab6761610000e5ebc62f3875907172971d072fca,Pop,Spotify,46.25,A Surveiller,2026-01-12
3PlSpnPQR0dZY50k3jfx7h,KELSON,11540,47,,https://open.spotify.com/artist/3PlSpnPQR0dZY50k3jfx7h,https://i.scdn.co/image/ab6761610000e5eb02818cbfb4d218bc5a6705e6,Electro,Spotify,46.21,A Surveiller,2026-01-12
19lhY4E6GLxH337OZLfOV4,Eu93ne,1142,36,"lo-fi beats, lo-fi, jazz beats",https://open.spotify.com/artist/19lhY4E6GLxH337OZLfOV4,https://i.scdn.co/image/ab6761610000e5ebbeb5a1acdd43d646b60b3d5d,Rap-HipHop-RnB,Spotify,46.14,A Surveiller,2026-01-12
0nztDFQzc7SwCIGZnvDIJ7,Danilo,7581,44,,https://open.spotify.com/artist/0nztDFQzc7SwCIGZnvDIJ7,https://i.scdn.co/image/ab6761610000e5eb6062aca4162e4e77c5729d32,Afrobeat-Amapiano,Spotify,46.08,A Surveiller,2026-01-12
1id4EoPVo5qfzdP5gMf5U3,Kaf Malbar,37953,44,"maloya, shatta, ragga",https://open.spotify.com/artist/1id4EoPVo5qfzdP5gMf5U3,https://i.scdn.co/image/ab6761610000e5eb6d0992f5c2362fdaa0143abe,Afrobeat-Amapiano,Spotify,45.9,A Surveiller,2026-01-12
5kKxz4PDHgrpIt8LX3PPiF,Jayel,36384,44,french rap,https://open.spotify.com/artist/5kKxz4PDHgrpIt8LX3PPiF,https://i.scdn.co/image/ab6761610000e5eb1fb5079e64bb49e3fc69e4ee,Rap-HipHop-RnB,Spotify,45.53,A Surveiller,2026-01-12
5CnUroTELSGtd9HXmXOgaB,Afrobeats Central,1743,35,"afro r&b, afrobeats, afrobeat",https://open.spotify.com/artist/5CnUroTELSGtd9HXmXOgaB,https://i.scdn.co/image/ab6761610000e5ebfced3e9bcdb8a49925f79e49,Afrobeat-Amapiano,Spotify,45.52,A Surveiller,2026-01-12
28YuYWLmKm0vl1gb5cUIta,T-Jy,18156,47,"shatta, zouk",https://open.spotify.com/artist/28YuYWLmKm0vl1gb5cUIta,https://i.scdn.co/image/ab6761610000e5ebaa986cdf7e4e9fa48fa10ea4,Afrobeat-Amapiano,Spotify,45.22,A Surveiller,2026-01-12
2JldlUF9gAWKZc1qNvjQpo,O - Olivier Marguerit,2835,34,"french indie pop, french pop",https://open.spotify.com/artist/2JldlUF9gAWKZc1qNvjQpo,https://i.scdn.co/image/ab6761610000e5eb784b7e4805f6b280fcc8e00f,Rock-Metal,Spotify,45.05,A Surveiller,2026-01-12
7Gd2a8LhB6hvrgFjuZMw9U,Emrod,25448,46,,https://open.spotify.com/artist/7Gd2a8LhB6hvrgFjuZMw9U,https://i.scdn.co/image/ab6761610000e5eb2a877ec988c6d67bb23f1dc9,Electro,Spotify,45.05,A Surveiller,2026-01-12
7eFL3K5giCsAHXus03F7Cd,Molière l'opéra urbain,24276,46,musicals,https://open.spotify.com/artist/7eFL3K5giCsAHXus03F7Cd,https://i.scdn.co/image/ab67616d0000b273d2315c38f968e507a5aaeec0,Rap-HipHop-RnB,Spotify,44.87,A Surveiller,2026-01-12
0avwZ2v9jOgVLB1IfimwdA,Coline Rio,29255,45,"french pop, french indie pop, chanson",https://open.spotify.com/artist/0avwZ2v9jOgVLB1IfimwdA,https://i.scdn.co/image/ab6761610000e5ebae08365690ce2e559c27276d,Pop,Spotify,44.85,A Surveiller,2026-01-12
2D2Wm1oAJrDRzXVzxkyBOE,Hulk,32907,44,"ndombolo, afrobeats, french r&b",https://open.spotify.com/artist/2D2Wm1oAJrDRzXVzxkyBOE,https://i.scdn.co/image/ab6761610000e5eb9b9d73b9885c7069d571479e,Afrobeat-Amapiano,Spotify,44.75,A Surveiller,2026-01-12
6KPfd2qfwePi6IM7RyQ3hd,LJK,10460,45,,https://open.spotify.com/artist/6KPfd2qfwePi6IM7RyQ3hd,https://i.scdn.co/image/ab6761610000e5eb9482d31ffea64457980d5baa,Rap-HipHop-RnB,Spotify,44.74,A Surveiller,2026-01-12
79ydqO3TZ35NwkWtjyvugR,lille Caesar,13333,46,"norwegian pop, norwegian hip hop",https://open.spotify.com/artist/79ydqO3TZ35NwkWtjyvugR,https://i.scdn.co/image/ab6761610000e5eb64e43f86ccfafcd3e05e4019,Rap-HipHop-RnB,Spotify,44.7,A Surveiller,2026-01-12
6wknBTDOHIw2ZJNsCl2sx2,Mathu,3498,34,"tekno, psytrance, acid techno",https://open.spotify.com/artist/6wknBTDOHIw2ZJNsCl2sx2,https://i.scdn.co/image/ab6761610000e5eb0c40cbe5bbfd4c09dc4bf537,Electro,Spotify,44.69,A Surveiller,2026-01-12
28iAsy77mBm7rk8K9cfFvL,Biffty,73067,31,french rap,https://open.spotify.com/artist/28iAsy77mBm7rk8K9cfFvL,https://i.scdn.co/image/ab6761610000e5ebdaf72b30f7821ba7917d45cd,Rock-Metal,Spotify,44.57,A Surveiller,2026-01-12
4ltaLmNRwdD98CtEsot497,Esmée,6423,41,"french pop, variété française",https://open.spotify.com/artist/4ltaLmNRwdD98CtEsot497,https://i.scdn.co/image/ab6761610000e5eb240b86ab29cf38eebe6adaa4,Pop,Spotify,44.49,A Surveiller,2026-01-12
082ELiDlIVdC1ovHXpWZHK,Diez,15006,46,,https://open.spotify.com/artist/082ELiDlIVdC1ovHXpWZHK,https://i.scdn.co/image/ab6761610000e5eb5acc336a000bac1a8125aa8b,Rap-HipHop-RnB,Spotify,44.43,A Surveiller,2026-01-12
70BVuSoIusPEV52Fyi3RlK,Sp93,20309,46,drill,https://open.spotify.com/artist/70BVuSoIusPEV52Fyi3RlK,https://i.scdn.co/image/ab6761610000e5ebbeedb4808b122ca076433b20,Rap-HipHop-RnB,Spotify,44.42,A Surveiller,2026-01-12
7EEdwUdhGRjusZNKBZ4kMU,Le Lounge Bar Français,3094,33,french jazz,https://open.spotify.com/artist/7EEdwUdhGRjusZNKBZ4kMU,https://i.scdn.co/image/ab6761610000e5eb36b9a5f59cbdb0b1fa9c8156,Jazz-Soul,Spotify,44.33,A Surveiller,2026-01-12
5nrmuhl0AXvSLeoZgB3Tmr,Zaoui,25841,45,"french pop, french indie pop, variété française",https://open.spotify.com/artist/5nrmuhl0AXvSLeoZgB3Tmr,https://i.scdn.co/image/ab6761610000e5eb221d64f00a5b1aa503028f01,Pop,Spotify,44.24,A Surveiller,2026-01-12
0PL4oBFPdmDGLXFPaBpYcJ,Tample,8376,43,french indie pop,https://open.spotify.com/artist/0PL4oBFPdmDGLXFPaBpYcJ,https://i.scdn.co/image/ab6761610000e5eb230f5f4d823ec48d91684e15,Rock-Metal,Spotify,44.18,A Surveiller,2026-01-12
7lOybRN1Qz34nPphHTHRHY,NIVK,4983,38,"hard techno, tekno, techno",https://open.spotify.com/artist/7lOybRN1Qz34nPphHTHRHY,https://i.scdn.co/image/ab6761610000e5eb44454f32e820c91bc0e16147,Electro,Spotify,44.15,A Surveiller,2026-01-12
7fGRdpiX855x7RBK8DjT1F,Braeker,29022,44,,https://open.spotify.com/artist/7fGRdpiX855x7RBK8DjT1F,https://i.scdn.co/image/ab6761610000e5ebb2576a11ccd7bced4877075e,Pop,Spotify,43.94,A Surveiller,2026-01-12
7qYMSnsPIXmSMXfGVuCDwm,Fanny,1762,33,,https://open.spotify.com/artist/7qYMSnsPIXmSMXfGVuCDwm,https://i.scdn.co/image/ab6761610000e5eb69731bd38cff6025cc0cd359,Rap-HipHop-RnB,Spotify,43.93,A Surveiller,2026-01-12
2k0TTdszNNaFtbS7XdReiF,Fouzia,5062,38,,https://open.spotify.com/artist/2k0TTdszNNaFtbS7XdReiF,https://i.scdn.co/image/ab67616d0000b273c4d635e3cf91cb726058e2e9,Afrobeat-Amapiano,Spotify,43.93,A Surveiller,2026-01-12
227ZhUtAhpZiTj8S80p1y5,91,1099,33,turkish hip hop,https://open.spotify.com/artist/227ZhUtAhpZiTj8S80p1y5,https://i.scdn.co/image/ab6761610000e5eb041a7bc9a9ee02b0b5b51bf1,Rap-HipHop-RnB,Spotify,43.73,A Surveiller,2026-01-12
1VGFnvgAwxMlV8D729gs5I,RORI,21786,45,french pop,https://open.spotify.com/artist/1VGFnvgAwxMlV8D729gs5I,https://i.scdn.co/image/ab6761610000e5eb08b3807b17e2a5fe5641c23f,Pop,Spotify,43.67,A Surveiller,2026-01-12
0a0Pl9QiikzqYozn7qyooX,Félix Radu,31740,43,"french pop, variété française",https://open.spotify.com/artist/0a0Pl9QiikzqYozn7qyooX,https://i.scdn.co/image/ab6761610000e5eb021fc5bc2d967f8f777f1687,Pop,Spotify,43.63,A Surveiller,2026-01-12
0djUVWD4NWGZt9PLAlvYXj,YLR,7069,41,french rap,https://open.spotify.com/artist/0djUVWD4NWGZt9PLAlvYXj,https://i.scdn.co/image/ab6761610000e5ebdb440b11997d132e50c5c65d,Rap-HipHop-RnB,Spotify,43.52,A Surveiller,2026-01-12
3M1kdGJP7DlEBGPb1JtKJX,Traf,11010,44,melodic techno,https://open.spotify.com/artist/3M1kdGJP7DlEBGPb1JtKJX,https://i.scdn.co/image/ab6761610000e5ebcd87420661627cb9cab43fab,Electro,Spotify,43.5,A Surveiller,2026-01-12
6uMAPLKPcylTmdl0F1T2HF,Sköne,34865,42,"tekno, acid techno, hard techno",https://open.spotify.com/artist/6uMAPLKPcylTmdl0F1T2HF,https://i.scdn.co/image/ab6761610000e5eb716ea940126dee92b169d630,Electro,Spotify,43.47,A Surveiller,2026-01-12
2WSFLb1izcqFnU9KakhCnU,Janie,34798,42,"french pop, variété française, french indie pop",https://open.spotify.com/artist/2WSFLb1izcqFnU9KakhCnU,https://i.scdn.co/image/ab6761610000e5eb02ff8a7e13a3caf46da8705c,Pop,Spotify,43.45,A Surveiller,2026-01-12
2BfjmShvoGPl4migLIun7a,Misié Sadik,26126,44,"zouk, kompa, shatta",https://open.spotify.com/artist/2BfjmShvoGPl4migLIun7a,https://i.scdn.co/image/ab6761610000e5eb3e0b1f62a46ea2a622397af6,Afrobeat-Amapiano,Spotify,43.41,A Surveiller,2026-01-12
2F7pKYW346RPkqdSH8NiGP,Atili,18216,45,"dub, reggae, ragga",https://open.spotify.com/artist/2F7pKYW346RPkqdSH8NiGP,https://i.scdn.co/image/ab6761610000e5eba8fe94b9863e68b51e62413a,Electro,Spotify,43.41,A Surveiller,2026-01-12
1WQU2IzBLUDasXeZBtSVA3,THK,41503,40,"dub, ragga",https://open.spotify.com/artist/1WQU2IzBLUDasXeZBtSVA3,https://i.scdn.co/image/ab6761610000e5eb25e5a8430f14b9bee85a98f1,Electro,Spotify,43.38,A Surveiller,2026-01-12
5nnFJb2sF9qok7rGy1hg4d,F200,2483,32,french r&b,https://open.spotify.com/artist/5nnFJb2sF9qok7rGy1hg4d,https://i.scdn.co/image/ab6761610000e5ebd1302c9dd80ef18d08007443,Electro,Spotify,43.34,A Surveiller,2026-01-12
2Z55seSc1gT7BWnV0ElFNL,Nour,37843,41,,https://open.spotify.com/artist/2Z55seSc1gT7BWnV0ElFNL,https://i.scdn.co/image/ab6761610000e5ebc1d9174d0ffa0cb5e30ab62f,Pop,Spotify,43.32,A Surveiller,2026-01-12
3OyQ9AeMFgwKFHUgBOISww,FLKN,11644,44,"hard techno, acid techno, tekno",https://open.spotify.com/artist/3OyQ9AeMFgwKFHUgBOISww,https://i.scdn.co/image/ab6761610000e5eb13cb086b6ebb64b771caae02,Electro,Spotify,43.25,A Surveiller,2026-01-12
1LmqhFAYA6BVhVx3kFrsZd,Lille,1141,32,dansk rap,https://open.spotify.com/artist/1LmqhFAYA6BVhVx3kFrsZd,https://i.scdn.co/image/ab67616d0000b273f7b769f297cbc10713b2f32a,Rap-HipHop-RnB,Spotify,42.94,A Surveiller,2026-01-12
3mMx6lCCOvQZheRBZ3CTQs,TheFrenchKris,8637,42,"french pop, french indie pop",https://open.spotify.com/artist/3mMx6lCCOvQZheRBZ3CTQs,https://i.scdn.co/image/ab6761610000e5eb7d248add5e88e46ebb8d2a56,Pop,Spotify,42.92,A Surveiller,2026-01-12
0NCfVJ4NDxaKUW8yV4lUlQ,Ebony,27833,43,,https://open.spotify.com/artist/0NCfVJ4NDxaKUW8yV4lUlQ,https://i.scdn.co/image/ab6761610000e5ebdbf986b8f01bae85e31d70bd,Pop,Spotify,42.84,A Surveiller,2026-01-12
7lG3HWF81HrNSDVyK4zhuP,Xavier Polycarpe,3075,31,,https://open.spotify.com/artist/7lG3HWF81HrNSDVyK4zhuP,https://i.scdn.co/image/ab6761610000e5eb00b2c87f4db1504bd76c184e,Pop,Spotify,42.72,A Surveiller,2026-01-12
4AcFhqecUgQOUNmdcdngEq,Jahlys,7885,41,"shatta, dancehall",https://open.spotify.com/artist/4AcFhqecUgQOUNmdcdngEq,https://i.scdn.co/image/ab6761610000e5ebed02e453f4d29f286c61b803,Afrobeat-Amapiano,Spotify,42.56,A Surveiller,2026-01-12
2UrTsnAc4CSukV44RC6PT6,LRB490,17254,44,"shatta, maloya",https://open.spotify.com/artist/2UrTsnAc4CSukV44RC6PT6,https://i.scdn.co/image/ab6761610000e5eb4ae2ccf31ac3b5f53072fbd1,Rap-HipHop-RnB,Spotify,42.48,A Surveiller,2026-01-12
2MBvn4Y3ugNmUlWp1W65QL,ANAÏS MVA,34006,41,french pop,https://open.spotify.com/artist/2MBvn4Y3ugNmUlWp1W65QL,https://i.scdn.co/image/ab6761610000e5ebc07cbb4df2217aeb96835f5d,Pop,Spotify,42.41,A Surveiller,2026-01-12
4o3kvOwkHLKBgwcifYQUdF,Boris & Moris,1501,31,,https://open.spotify.com/artist/4o3kvOwkHLKBgwcifYQUdF,https://i.scdn.co/image/ab6761610000e5ebb5696d901d7dcbc67eef44c5,Electro,Spotify,42.25,A Surveiller,2026-01-12
0hO9TrLGquZn6cxbNqgpGl,Charles Ludig,1481,31,,https://open.spotify.com/artist/0hO9TrLGquZn6cxbNqgpGl,https://i.scdn.co/image/ab6761610000e5eb220cca7904e91c369ea1aa88,Rock-Metal,Spotify,42.24,A Surveiller,2026-01-12
4r9ruEx6tLz2x0WgtXVaoP,94fatso,10147,42,,https://open.spotify.com/artist/4r9ruEx6tLz2x0WgtXVaoP,https://i.scdn.co/image/ab6761610000e5eb56a762a49d0cb57bab84ef31,Rap-HipHop-RnB,Spotify,41.92,A Surveiller,2026-01-12
47RRhnkvrKrC6tm7fNYQTN,T913,2470,30,,https://open.spotify.com/artist/47RRhnkvrKrC6tm7fNYQTN,https://i.scdn.co/image/ab6761610000e5ebb441ab243ff4da71fcb19cce,Rap-HipHop-RnB,Spotify,41.74,A Surveiller,2026-01-12
7tJ1ZtOt4EOPyQnT8LE6rH,Allan,15543,43,,https://open.spotify.com/artist/7tJ1ZtOt4EOPyQnT8LE6rH,https://i.scdn.co/image/ab6761610000e5eba05e3687d5969a411635651d,Pop,Spotify,41.6,A Surveiller,2026-01-12
3xY67nlzCczbpUWrjCTdye,Lili Poe,6898,39,french rap,https://open.spotify.com/artist/3xY67nlzCczbpUWrjCTdye,https://i.scdn.co/image/ab6761610000e5eb4f67c5df15c688633bf7b562,Pop,Spotify,41.58,A Surveiller,2026-01-12
1nn9NQhtKG0AfAjV5ZX8l4,L'Ordre Des Aventuriers,1343,30,,https://open.spotify.com/artist/1nn9NQhtKG0AfAjV5ZX8l4,https://i.scdn.co/image/ab67616d0000b2735dda457da477c6a7072f6a9e,Rock-Metal,Spotify,41.4,A Surveiller,2026-01-12
2xRBcpNYedlk5IhmIxfUqo,Micky Green,9333,41,,https://open.spotify.com/artist/2xRBcpNYedlk5IhmIxfUqo,https://i.scdn.co/image/ab67616d0000b2737779d0dafd43cbb4cb04a3ec,Rock-Metal,Spotify,41.39,A Surveiller,2026-01-12
4PqSBgXKxQuqclKpwB6iuc,Blasé,7080,39,,https://open.spotify.com/artist/4PqSBgXKxQuqclKpwB6iuc,https://i.scdn.co/image/ab6761610000e5eb62d6de5d4e55094f4cdc4180,Electro,Spotify,41.34,A Surveiller,2026-01-12
1s1KgcCLx44NR59HUXy3ic,Karma 94,5680,37,latin hip hop,https://open.spotify.com/artist/1s1KgcCLx44NR59HUXy3ic,https://i.scdn.co/image/ab6761610000e5ebb8f160ad8faba5cb83c9c9f0,Rap-HipHop-RnB,Spotify,41.33,A Surveiller,2026-01-12
0aFrpBv0tkmDm9qFlXK2Gc,Kryssy,23441,42,"shatta, dancehall, ragga",https://open.spotify.com/artist/0aFrpBv0tkmDm9qFlXK2Gc,https://i.scdn.co/image/ab6761610000e5eb7b98426bfcbf096e9eace97f,Afrobeat-Amapiano,Spotify,41.22,A Surveiller,2026-01-12
09X1kbjR9O2Cb3gdPvpgKG,Ève,9689,41,"french pop, french indie pop",https://open.spotify.com/artist/09X1kbjR9O2Cb3gdPvpgKG,https://i.scdn.co/image/ab6761610000e5eb59ad674e23a0e468cff8fe90,Pop,Spotify,41.17,A Surveiller,2026-01-12
5H4bQKIbNqf60vLbV9C0zq,Art-X,12259,42,dub,https://open.spotify.com/artist/5H4bQKIbNqf60vLbV9C0zq,https://i.scdn.co/image/ab6761610000e5eb3abce5592a192972d65ea9d2,Electro,Spotify,41.13,A Surveiller,2026-01-12
1IKjfLTjdQB5p8lqsTgJI1,949PAYA$o,31718,40,,https://open.spotify.com/artist/1IKjfLTjdQB5p8lqsTgJI1,https://i.scdn.co/image/ab6761610000e5eb4dff63eaeb12b94531772ad4,Rap-HipHop-RnB,Spotify,41.04,A Surveiller,2026-01-12
52CEzAtIDEJInO8yL0blFB,Jäde,21852,42,french r&b,https://open.spotify.com/artist/52CEzAtIDEJInO8yL0blFB,https://i.scdn.co/image/ab6761610000e5eb3673b06ce7cadd07f844639a,Rap-HipHop-RnB,Spotify,41.0,A Surveiller,2026-01-12
3FDn3vsowXE4E7NNQn4fqq,Malter,2423,29,french r&b,https://open.spotify.com/artist/3FDn3vsowXE4E7NNQn4fqq,https://i.scdn.co/image/ab6761610000e5eb458e2be640a70939dd9df94c,Jazz-Soul,Spotify,40.93,A Surveiller,2026-01-12
1FmnkGJ5KDt1eCHJQVyAbk,Shake Shake Go,38351,38,folk pop,https://open.spotify.com/artist/1FmnkGJ5KDt1eCHJQVyAbk,https://i.scdn.co/image/ab6761610000e5eb1bd6ef1d1d9ba81a727fe136,Rock-Metal,Spotify,40.89,A Surveiller,2026-01-12
1S0pZbFHkQSJvvpzfIHXSS,SOROSORO,2239,29,,https://open.spotify.com/artist/1S0pZbFHkQSJvvpzfIHXSS,https://i.scdn.co/image/ab6761610000e5eb158df4e9e9e0e7769e056482,Jazz-Soul,Spotify,40.87,A Surveiller,2026-01-12
50odTEgNT8oNs9BrWD0kS4,Jazz douce musique d'ambiance,3171,30,,https://open.spotify.com/artist/50odTEgNT8oNs9BrWD0kS4,https://i.scdn.co/image/ab67616d0000b273bd36a7d1b5739403090b379a,Jazz-Soul,Spotify,40.87,A Surveiller,2026-01-12
5MvTyp1ILPh1FZupAcFffI,Pompis,30896,40,"zouk, shatta, dancehall",https://open.spotify.com/artist/5MvTyp1ILPh1FZupAcFffI,https://i.scdn.co/image/ab6761610000e5eb7c419ad3f174b0fbba49f2b0,Afrobeat-Amapiano,Spotify,40.86,A Surveiller,2026-01-12
6dvyAgidTbcn9vJO1eWQ6y,Pep's,20199,42,"variété française, chanson",https://open.spotify.com/artist/6dvyAgidTbcn9vJO1eWQ6y,https://i.scdn.co/image/ab6761610000e5eb06e0da5efd42553919f2d69a,Pop,Spotify,40.82,A Surveiller,2026-01-12
6UPRFx3Gnn5N67opROnwA5,Paris,59518,31,"g-funk, west coast hip hop",https://open.spotify.com/artist/6UPRFx3Gnn5N67opROnwA5,https://i.scdn.co/image/ab6761610000e5eb28a3beb55acabf6950f10f9c,Rap-HipHop-RnB,Spotify,40.7,A Surveiller,2026-01-12
7gdTFjXWEBzBtir4DGFzku,Lawskie,3221,30,,https://open.spotify.com/artist/7gdTFjXWEBzBtir4DGFzku,https://i.scdn.co/image/ab6761610000e5eba2e890cd7acedee83b62a731,Rap-HipHop-RnB,Spotify,40.59,A Surveiller,2026-01-12
3JpL06DxPRePrKeYaRhKwH,Jumo,25066,41,,https://open.spotify.com/artist/3JpL06DxPRePrKeYaRhKwH,https://i.scdn.co/image/ab6761610000e5eb5368272d2189b904b43078ff,Electro,Spotify,40.59,A Surveiller,2026-01-12
6CBm5KPNnurK4hFutVDIpz,SLK,29095,40,"french rap, pop urbaine",https://open.spotify.com/artist/6CBm5KPNnurK4hFutVDIpz,https://i.scdn.co/image/ab6761610000e5ebdf8e4eec11a77e7be79a6952,Afrobeat-Amapiano,Spotify,40.48,A Surveiller,2026-01-12
0IKPfKkoKDbdQTKX0LCFZB,Mani Deïz,11659,41,"french rap, boom bap",https://open.spotify.com/artist/0IKPfKkoKDbdQTKX0LCFZB,https://i.scdn.co/image/ab6761610000e5ebb46e418cac72b99ee26f15d3,Rap-HipHop-RnB,Spotify,40.33,A Surveiller,2026-01-12
6a6yqBUTk6XxSsrstQIBQ6,Rakoon,39491,37,dub,https://open.spotify.com/artist/6a6yqBUTk6XxSsrstQIBQ6,https://i.scdn.co/image/ab6761610000e5eb9f314471899f856cc4e45bba,Electro,Spotify,40.32,A Surveiller,2026-01-12
6BGAhqSN3qEqlZRpMogAFN,Voleur pnz,8111,39,,https://open.spotify.com/artist/6BGAhqSN3qEqlZRpMogAFN,https://i.scdn.co/image/ab6761610000e5eb598cb52579ce3662ae4600e8,Rap-HipHop-RnB,Spotify,40.25,A Surveiller,2026-01-12
1U2Bzt0bhkqHJj7L1WQdnB,Bruzer,3907,32,ndombolo,https://open.spotify.com/artist/1U2Bzt0bhkqHJj7L1WQdnB,https://i.scdn.co/image/ab6761610000e5eb6e3c061fe2a89bcb27566b7e,Afrobeat-Amapiano,Spotify,40.15,A Surveiller,2026-01-12
0MKlq9NpviCizhTWbrC8KI,Cyclope l'Héritier,13615,41,french rap,https://open.spotify.com/artist/0MKlq9NpviCizhTWbrC8KI,https://i.scdn.co/image/ab6761610000e5ebc7e565760953955c6bf9d177,Rap-HipHop-RnB,Spotify,39.91,Debutant,2026-01-12
5TRkqLaI9iMFdFiqN1wAXa,Zitoune,19999,41,french rap,https://open.spotify.com/artist/5TRkqLaI9iMFdFiqN1wAXa,https://i.scdn.co/image/ab6761610000e5ebc8ae3780ce12bb9ce88c448b,Rap-HipHop-RnB,Spotify,39.9,Debutant,2026-01-12
142mBEMjSrFPCuDU0eS20r,Tookie2Beriz,1252,28,,https://open.spotify.com/artist/142mBEMjSrFPCuDU0eS20r,https://i.scdn.co/image/ab6761610000e5eb43e036baea93be4a0bc2d475,Rap-HipHop-RnB,Spotify,39.78,Debutant,2026-01-12
1MbUL0JryiwgLoPNX8esk6,Blicassty,17122,41,"shatta, zouk, kompa",https://open.spotify.com/artist/1MbUL0JryiwgLoPNX8esk6,https://i.scdn.co/image/ab6761610000e5eb170dda59fcfbfdb865897771,Afrobeat-Amapiano,Spotify,39.73,Debutant,2026-01-12
7DPzuksj4fnGIb4F9dVswN,Clou,24637,40,"french pop, french indie pop, chanson",https://open.spotify.com/artist/7DPzuksj4fnGIb4F9dVswN,https://i.scdn.co/image/ab6761610000e5eb759e15b005fb304c530d7084,Pop,Spotify,39.64,Debutant,2026-01-12
0mAIVu2rtpW9TYcbp88wqn,sheng,11142,40,"hyperpop, french pop",https://open.spotify.com/artist/0mAIVu2rtpW9TYcbp88wqn,https://i.scdn.co/image/ab6761610000e5eb981e0a779b267a6ecc0b39d4,Electro,Spotify,39.52,Debutant,2026-01-12
6Sr0XZt2vowfPAzp9Mv1ck,Lille Fucker,2513,27,"dansk rap, dansktop",https://open.spotify.com/artist/6Sr0XZt2vowfPAzp9Mv1ck,https://i.scdn.co/image/ab6761610000e5eb1736baff38d775746af9b60b,Rap-HipHop-RnB,Spotify,39.35,Debutant,2026-01-12
20cVY12kekiJOzONmGOfyx,AZKA,7990,38,,https://open.spotify.com/artist/20cVY12kekiJOzONmGOfyx,https://i.scdn.co/image/ab6761610000e5eb7e7dc97b11cbe6c9cce00ec2,Electro,Spotify,39.31,Debutant,2026-01-12
1DaLT7Mgy04h833FKXKGO0,Lé Will & Deuspi,22366,40,"shatta, kompa",https://open.spotify.com/artist/1DaLT7Mgy04h833FKXKGO0,https://i.scdn.co/image/ab6761610000e5ebbcb160892fcc0b4e00512888,Afrobeat-Amapiano,Spotify,39.29,Debutant,2026-01-12
2aMYfhweGlfp6qj9r6OGUO,Vincent Peirani,27310,39,"french jazz, jazz",https://open.spotify.com/artist/2aMYfhweGlfp6qj9r6OGUO,https://i.scdn.co/image/ab6761610000e5eb378166e7896d5e02eb381225,Jazz-Soul,Spotify,39.25,Debutant,2026-01-12
4LiDDSfUo671okhAa6OSHY,Demon,12467,40,french house,https://open.spotify.com/artist/4LiDDSfUo671okhAa6OSHY,https://i.scdn.co/image/ab6761610000e5ebe3d1ec18442e165c1af9c340,Electro,Spotify,39.16,Debutant,2026-01-12
0uFKA5yAa06BUDouOb1X8C,IN.94,7161,37,french rap,https://open.spotify.com/artist/0uFKA5yAa06BUDouOb1X8C,https://i.scdn.co/image/ab6761610000e5ebbb2cd4229165a762adea349a,Rap-HipHop-RnB,Spotify,39.08,Debutant,2026-01-12
1w8f71fNCVvZtiz4DLd7N5,Harley,20021,40,"french rap, rap ivoire",https://open.spotify.com/artist/1w8f71fNCVvZtiz4DLd7N5,https://i.scdn.co/image/ab6761610000e5ebd18495bb66c1df80a95f1947,Afrobeat-Amapiano,Spotify,39.0,Debutant,2026-01-12
2Le5krQdKYGiP5xUQnIHKN,Latop,19520,40,shatta,https://open.spotify.com/artist/2Le5krQdKYGiP5xUQnIHKN,https://i.scdn.co/image/ab6761610000e5ebde0a7bd569dfc6470288a4ff,Afrobeat-Amapiano,Spotify,38.95,Debutant,2026-01-12
1d38UPGn8PJ9XekumcIBha,wilsko,14651,40,,https://open.spotify.com/artist/1d38UPGn8PJ9XekumcIBha,https://i.scdn.co/image/ab6761610000e5eb59d49011749205cca9026e9b,Afrobeat-Amapiano,Spotify,38.86,Debutant,2026-01-12
76CqcY9GUeWmu1sGbDDBwi,Rain 910,2238,26,,https://open.spotify.com/artist/76CqcY9GUeWmu1sGbDDBwi,https://i.scdn.co/image/ab6761610000e5eb97404a54b7bb623c7b99e0a1,Rap-HipHop-RnB,Spotify,38.47,Debutant,2026-01-12
1dsLZMddSbqEnWNrXAZMr7,949_creeper,21566,39,,https://open.spotify.com/artist/1dsLZMddSbqEnWNrXAZMr7,https://i.scdn.co/image/ab6761610000e5eb874aea809f40e122e3ebde93,Rap-HipHop-RnB,Spotify,38.29,Debutant,2026-01-12
0cfNKSR5Mcvh6jn8iPxcIT,Mec touché,1387,26,,https://open.spotify.com/artist/0cfNKSR5Mcvh6jn8iPxcIT,https://i.scdn.co/image/ab67616d0000b273253a1a02107ab8f0f91ef630,Electro,Spotify,38.22,Debutant,2026-01-12
57H433bibChwiap8GjXH34,John Alenca,1362,26,,https://open.spotify.com/artist/57H433bibChwiap8GjXH34,https://i.scdn.co/image/ab6761610000e5ebf2925b7b09891298a23b1676,Electro,Spotify,38.21,Debutant,2026-01-12
6oay09Jpzlp3TKFbx7GBMY,DjeuhDjoah,18622,39,,https://open.spotify.com/artist/6oay09Jpzlp3TKFbx7GBMY,https://i.scdn.co/image/ab6761610000e5ebff3ae90fbcf20d17f3e5fe8e,Afrobeat-Amapiano,Spotify,37.98,Debutant,2026-01-12
0NLGp1poDBr1K4VVp3LVSL,L’Amerigo,14076,39,,https://open.spotify.com/artist/0NLGp1poDBr1K4VVp3LVSL,https://i.scdn.co/image/ab6761610000e5ebfed404cd56e98e4e5638b999,Rap-HipHop-RnB,Spotify,37.96,Debutant,2026-01-12
7pJxy5TSBacc0UMMppaExZ,Rouquine,18288,39,"french pop, french indie pop, variété française",https://open.spotify.com/artist/7pJxy5TSBacc0UMMppaExZ,https://i.scdn.co/image/ab6761610000e5eb478d2d537cadb9864d2d638b,Pop,Spotify,37.95,Debutant,2026-01-12
6R6tuqCxJRopO4bE8nfLGk,P.R2B,17442,39,"french indie pop, french pop",https://open.spotify.com/artist/6R6tuqCxJRopO4bE8nfLGk,https://i.scdn.co/image/ab6761610000e5ebbcf7528c8409ced1644c60fe,Electro,Spotify,37.9,Debutant,2026-01-12
6Jnxg5O26hXfwfbRSMzVuB,Revnoir,27914,37,metalcore,https://open.spotify.com/artist/6Jnxg5O26hXfwfbRSMzVuB,https://i.scdn.co/image/ab6761610000e5eb2a0f77876db23a312580883b,Rock-Metal,Spotify,37.63,Debutant,2026-01-12
3j5vom9KtuBUImiFXCOTP0,Doosko Niafo,4709,32,ndombolo,https://open.spotify.com/artist/3j5vom9KtuBUImiFXCOTP0,https://i.scdn.co/image/ab6761610000e5eb0946075770a65957e8fe60a1,Afrobeat-Amapiano,Spotify,37.6,Debutant,2026-01-12
5K45xjHulVclJDxJSakgmc,Green Money,3551,29,french rap,https://open.spotify.com/artist/5K45xjHulVclJDxJSakgmc,https://i.scdn.co/image/ab67616d0000b2738d130b2fda9caaa42a76c265,Rap-HipHop-RnB,Spotify,37.6,Debutant,2026-01-12
4ASk9it8lXjK4KrkoFXPlN,Jahyanai King,7577,36,"shatta, dancehall, ragga",https://open.spotify.com/artist/4ASk9it8lXjK4KrkoFXPlN,https://i.scdn.co/image/ab67616d0000b2737ad80bd125c09a6952506083,Afrobeat-Amapiano,Spotify,37.58,Debutant,2026-01-12
2AfyzCxD2WTuEbV0XoZajq,Izzy93,22544,38,sexy drill,https://open.spotify.com/artist/2AfyzCxD2WTuEbV0XoZajq,https://i.scdn.co/image/ab6761610000e5eb1d730e7c9df53fb843878f14,Rap-HipHop-RnB,Spotify,37.53,Debutant,2026-01-12
2QKgfzDlgGJCv1hkfOovKH,Paris Richards,1512,25,,https://open.spotify.com/artist/2QKgfzDlgGJCv1hkfOovKH,https://i.scdn.co/image/ab6761610000e5eb9c51e9f95bc2d41317db246a,Rap-HipHop-RnB,Spotify,37.45,Debutant,2026-01-12
1ULJBOKjmOpRsRRHP1vc2X,tn_490,21345,38,dark r&b,https://open.spotify.com/artist/1ULJBOKjmOpRsRRHP1vc2X,https://i.scdn.co/image/ab6761610000e5eb21d739e83c1e367ccbc8a279,Indie-Alternative,Spotify,37.36,Debutant,2026-01-12
4vy2w9TDFpA1kcFCZRT5Ls,Ana Moreau,4897,32,,https://open.spotify.com/artist/4vy2w9TDFpA1kcFCZRT5Ls,https://i.scdn.co/image/ab6761610000e5eb0e6ecf987d16586d3834d016,Rock-Metal,Spotify,37.14,Debutant,2026-01-12
5RmuisBjJdDZ2OaLmWVMYu,Contrefaçon,19218,38,"tekno, acid techno",https://open.spotify.com/artist/5RmuisBjJdDZ2OaLmWVMYu,https://i.scdn.co/image/ab6761610000e5ebae453ee69168598c8fc132e0,Electro,Spotify,37.12,Debutant,2026-01-12
4p5a11aaWH3aZrDuGrCWq6,Payaso915,33048,35,mexican hip hop,https://open.spotify.com/artist/4p5a11aaWH3aZrDuGrCWq6,https://i.scdn.co/image/ab6761610000e5ebebf157f169c8a17ad930f86a,Rap-HipHop-RnB,Spotify,37.03,Debutant,2026-01-12
4NbbicWEOV9MfkaTuZBUnh,Santos 912,8521,36,,https://open.spotify.com/artist/4NbbicWEOV9MfkaTuZBUnh,https://i.scdn.co/image/ab6761610000e5ebfbb1d7842a1a31fa37602b73,Rap-HipHop-RnB,Spotify,36.81,Debutant,2026-01-12
5m9uhS0LyWhc5kFDWkeOjA,Saandia,1850,24,,https://open.spotify.com/artist/5m9uhS0LyWhc5kFDWkeOjA,https://i.scdn.co/image/ab6761610000e5eb1a27df3f52ed4a35c8b17c7b,Jazz-Soul,Spotify,36.76,Debutant,2026-01-12
475O928CVcLukJqBd4LPJ3,Sto,22388,37,"french rap, hip house",https://open.spotify.com/artist/475O928CVcLukJqBd4LPJ3,https://i.scdn.co/image/ab6761610000e5eb0a221473081a549807dfd14d,Rap-HipHop-RnB,Spotify,36.62,Debutant,2026-01-12
3IZz6OZ6nLwKS9zmrMjgAM,LILLE,1349,24,german indie,https://open.spotify.com/artist/3IZz6OZ6nLwKS9zmrMjgAM,https://i.scdn.co/image/ab6761610000e5eb4ae09792b62dd5dea636a544,Rap-HipHop-RnB,Spotify,36.6,Debutant,2026-01-12
0KYFSSpklRwCSM31sHD4s6,Emile Parisien,11376,37,"french jazz, jazz",https://open.spotify.com/artist/0KYFSSpklRwCSM31sHD4s6,https://i.scdn.co/image/ab6761610000e5ebfb3df8c934db359da77cc80c,Jazz-Soul,Spotify,36.52,Debutant,2026-01-12
3532P4f6wikwfG2uvxXRnQ,Dk2fois,21458,37,"ndombolo, french r&b",https://open.spotify.com/artist/3532P4f6wikwfG2uvxXRnQ,https://i.scdn.co/image/ab6761610000e5ebdaf6a2ee641b2f9644cfea39,Afrobeat-Amapiano,Spotify,36.49,Debutant,2026-01-12
1EkqwqtzsjxMYJZH73RFVM,ELISA ERKA,6604,34,"french pop, french indie pop",https://open.spotify.com/artist/1EkqwqtzsjxMYJZH73RFVM,https://i.scdn.co/image/ab6761610000e5eb9813cb70a407aac179e19eb7,Electro,Spotify,36.48,Debutant,2026-01-12
5JZqq78QDWcMNYjIRV81oF,Blam'S,25994,36,,https://open.spotify.com/artist/5JZqq78QDWcMNYjIRV81oF,https://i.scdn.co/image/ab6761610000e5ebbe2b076705bbe05fec871f75,Electro,Spotify,36.37,Debutant,2026-01-12
5J65ukR6WWDkuRrqYa4Knl,ELOI,24774,36,hyperpop,https://open.spotify.com/artist/5J65ukR6WWDkuRrqYa4Knl,https://i.scdn.co/image/ab6761610000e5ebf28dfccba1f24c9699a84c5b,Electro,Spotify,36.14,Debutant,2026-01-12
2ERWfqqrtdXicQJ9wcOONf,Revolver,24703,36,,https://open.spotify.com/artist/2ERWfqqrtdXicQJ9wcOONf,https://i.scdn.co/image/46ee81759abcc436f09171ff3e95c12b8e8f90e0,Rock-Metal,Spotify,36.13,Debutant,2026-01-12
2wGEnSqp6ZXg2LWGZF7mnQ,Dounia Jari,5402,32,,https://open.spotify.com/artist/2wGEnSqp6ZXg2LWGZF7mnQ,https://i.scdn.co/image/ab67616d0000b2731cbd766f29f9cc4076a6dda9,Afrobeat-Amapiano,Spotify,36.07,Debutant,2026-01-12
4AJBNggqryKH5Dy0xdaGDY,Cachemire,10198,36,,https://open.spotify.com/artist/4AJBNggqryKH5Dy0xdaGDY,https://i.scdn.co/image/ab6761610000e5eb1bd5937d6d7b0621c436880c,Rock-Metal,Spotify,35.92,Debutant,2026-01-12
1AyxHP7cwxDjR5HxtxRo1C,Jazir,1315,23,,https://open.spotify.com/artist/1AyxHP7cwxDjR5HxtxRo1C,https://i.scdn.co/image/ab6761610000e5eb9eb7662bf6655960d088211a,Electro,Spotify,35.79,Debutant,2026-01-12
6PY5uOumDeaGto9AfoxCjh,Owen River,2575,24,,https://open.spotify.com/artist/6PY5uOumDeaGto9AfoxCjh,https://i.scdn.co/image/ab6761610000e5ebc35c6659b5d771ffa991ff88,Electro,Spotify,35.61,Debutant,2026-01-12
2VpYQkkjCohjSPskaQGyp0,West Bank Records,20952,36,dancehall,https://open.spotify.com/artist/2VpYQkkjCohjSPskaQGyp0,https://i.scdn.co/image/ab6761610000e5eb52e04ab9135a4dbe83ef446d,Rap-HipHop-RnB,Spotify,35.52,Debutant,2026-01-12
0kPQnkxRCKloZQfgXfrqQO,Rover,20329,36,french indie pop,https://open.spotify.com/artist/0kPQnkxRCKloZQfgXfrqQO,https://i.scdn.co/image/ab6761610000e5eb5bac39062ea7ee4cdefbff6b,Rock-Metal,Spotify,35.44,Debutant,2026-01-12
5KRLYv4JDKx5jvR2EOdw7a,Foé,25231,35,"french pop, french indie pop, variété française",https://open.spotify.com/artist/5KRLYv4JDKx5jvR2EOdw7a,https://i.scdn.co/image/ab6761610000e5eb54ee87af073aeebafae8d13a,Pop,Spotify,35.34,Debutant,2026-01-12
4R15nQ1tIZGKIq7Z8BddVI,ASTERO-H,1854,22,,https://open.spotify.com/artist/4R15nQ1tIZGKIq7Z8BddVI,https://i.scdn.co/image/ab6761610000e5eb0adfc561fd37f5aa1996eed0,Rock-Metal,Spotify,35.16,Debutant,2026-01-12
66rknd4NFEU7U2AK5cesjy,JLOW,8711,34,,https://open.spotify.com/artist/66rknd4NFEU7U2AK5cesjy,https://i.scdn.co/image/ab6761610000e5ebbe64e7ba81cbfe311e9aba64,Electro,Spotify,34.62,Debutant,2026-01-12
0XVAP17xehWKLmcb0DhtbZ,Ici c'est Paris,2041,21,,https://open.spotify.com/artist/0XVAP17xehWKLmcb0DhtbZ,https://i.scdn.co/image/ab67616d0000b273f3e47194a579f8bb8413ecdb,Rap-HipHop-RnB,Spotify,34.41,Debutant,2026-01-12
1e9RDMOTSMtDV4ZkZTrZw4,935,3057,25,,https://open.spotify.com/artist/1e9RDMOTSMtDV4ZkZTrZw4,https://i.scdn.co/image/ab6761610000e5ebb766971e2e7a110b4c6cce2b,Rap-HipHop-RnB,Spotify,34.27,Debutant,2026-01-12
69NyHXNjgqvV4euhqZ36kH,Magoyond,17483,35,,https://open.spotify.com/artist/69NyHXNjgqvV4euhqZ36kH,https://i.scdn.co/image/ab6761610000e5eba4d9da748e27e3c7f4416906,Rock-Metal,Spotify,34.25,Debutant,2026-01-12
6HB56S5tXln4QbDVbnd3h6,Rocket,1257,21,french rap,https://open.spotify.com/artist/6HB56S5tXln4QbDVbnd3h6,https://i.scdn.co/image/ab6761610000e5eb81edebfc8dcc16f9041b2b02,Rock-Metal,Spotify,34.18,Debutant,2026-01-12
1nmnKCdPXX14EBJWklwKTR,Casus Belli,7875,33,french rap,https://open.spotify.com/artist/1nmnKCdPXX14EBJWklwKTR,https://i.scdn.co/image/ab6761610000e5eb1dfa39b5546c6e139dad195f,Rap-HipHop-RnB,Spotify,34.14,Debutant,2026-01-12
1qvfwkeecGjBi5yJ1GBTNr,Shoota93,1034,21,east coast hip hop,https://open.spotify.com/artist/1qvfwkeecGjBi5yJ1GBTNr,https://i.scdn.co/image/ab67616d0000b27352595f8e7781273aaa32d49b,Rap-HipHop-RnB,Spotify,34.11,Debutant,2026-01-12
10zN9gAaRm3XKwtYzVZNql,New Jazz France,1009,21,,https://open.spotify.com/artist/10zN9gAaRm3XKwtYzVZNql,https://i.scdn.co/image/ab6761610000e5ebc2472ff031a753d0f1025435,Jazz-Soul,Spotify,34.1,Debutant,2026-01-12
4ni1VfqTNIvsJKTDuiN64f,Merzhin,34622,31,"celtic rock, celtic",https://open.spotify.com/artist/4ni1VfqTNIvsJKTDuiN64f,https://i.scdn.co/image/ab6761610000e5eb48ed84b5e4dd940a9c720730,Rock-Metal,Spotify,33.98,Debutant,2026-01-12
36buOdDVz6p3QbVatFi4iX,Rallye,2401,22,"french indie pop, french pop",https://open.spotify.com/artist/36buOdDVz6p3QbVatFi4iX,https://i.scdn.co/image/ab6761610000e5eb70bfefb3656e8e3efe492afa,Rap-HipHop-RnB,Spotify,33.65,Debutant,2026-01-12
2MOr3iEGgA7dQhYUsPBoTI,Sáez'93,2403,22,,https://open.spotify.com/artist/2MOr3iEGgA7dQhYUsPBoTI,https://i.scdn.co/image/ab6761610000e5eb0f65de49f5a59f357a0dd544,Rap-HipHop-RnB,Spotify,33.63,Debutant,2026-01-12
5W38lYXVLIEfyTFBQKTfmX,Lulu Gainsbourg,4341,28,,https://open.spotify.com/artist/5W38lYXVLIEfyTFBQKTfmX,https://i.scdn.co/image/ab6761610000e5eb859e1f2de8da81a22d3c9d00,Pop,Spotify,33.6,Debutant,2026-01-12
1DEN3iWZL55rYkQCXVwkLz,King Luca,6257,31,bikutsi,https://open.spotify.com/artist/1DEN3iWZL55rYkQCXVwkLz,https://i.scdn.co/image/ab67616d0000b2739580f1a036c50f167121e693,Afrobeat-Amapiano,Spotify,33.59,Debutant,2026-01-12
1MHoEOE8YNUmWKnqoEQS2Z,FRANKIE PARIS,1664,20,j-rap,https://open.spotify.com/artist/1MHoEOE8YNUmWKnqoEQS2Z,https://i.scdn.co/image/ab6761610000e5eb035731f2f133a15326e262f3,Rap-HipHop-RnB,Spotify,33.5,Debutant,2026-01-12
690TcJftS8JgJI5iEsYEcU,Zonmai,2017,20,hyperpop,https://open.spotify.com/artist/690TcJftS8JgJI5iEsYEcU,https://i.scdn.co/image/ab6761610000e5eb95e67421585489ffbc6706bc,Electro,Spotify,33.44,Debutant,2026-01-12
2LvcgUerrHBC9tQd48v6kL,Les Petits Chanteurs D'Asnières,1136,20,chanson,https://open.spotify.com/artist/2LvcgUerrHBC9tQd48v6kL,https://i.scdn.co/image/ab6761610000e5eb8296cf464a718c6d47c349c1,Pop,Spotify,33.34,Debutant,2026-01-12
57dGH4c5aKHr46UJqCDEev,Simia,7561,32,,https://open.spotify.com/artist/57dGH4c5aKHr46UJqCDEev,https://i.scdn.co/image/ab6761610000e5eb4a4c1fc4be9064549acd0305,Rock-Metal,Spotify,33.33,Debutant,2026-01-12
3dOo2vzOxx1HaSteQGb56s,Crie 930,13175,34,,https://open.spotify.com/artist/3dOo2vzOxx1HaSteQGb56s,https://i.scdn.co/image/ab6761610000e5eb8447006f3a0af7ff562b2d94,Rap-HipHop-RnB,Spotify,33.31,Debutant,2026-01-12
67RmjpcaDCjcdKMiBuamuV,D4r,3270,25,"french rap, russelåter, epadunk",https://open.spotify.com/artist/67RmjpcaDCjcdKMiBuamuV,https://i.scdn.co/image/ab6761610000e5ebfa76c62e69ddfe8f68b1f0af,Electro,Spotify,33.27,Debutant,2026-01-12
5O4IDbze1xrfs2zY8wLJ1H,Emlo,1722,19,drill,https://open.spotify.com/artist/5O4IDbze1xrfs2zY8wLJ1H,https://i.scdn.co/image/ab6761610000e5eb24a37cdcb95c6b9aafae64a0,Rap-HipHop-RnB,Spotify,32.72,Debutant,2026-01-12
2fpKYZoJagtpX0aQ5xXiqq,King Daddy Yod,1682,19,"ragga, reggae, dancehall",https://open.spotify.com/artist/2fpKYZoJagtpX0aQ5xXiqq,https://i.scdn.co/image/ab6761610000e5ebe5df4cc1b1fbbeb73ffb87d4,Afrobeat-Amapiano,Spotify,32.7,Debutant,2026-01-12
64jyZ8B8vuzf12J7NYAglD,DONI NA MA,1655,19,rap québécois,https://open.spotify.com/artist/64jyZ8B8vuzf12J7NYAglD,https://i.scdn.co/image/ab6761610000e5ebfd9af6e959c1fe5259e3cc5b,Rap-HipHop-RnB,Spotify,32.7,Debutant,2026-01-12
5FM4iItgDdg47zRKbWnjzd,Lunar949,1281,19,,https://open.spotify.com/artist/5FM4iItgDdg47zRKbWnjzd,https://i.scdn.co/image/ab6761610000e5eb084f359f076c8c53a11f4634,Rap-HipHop-RnB,Spotify,32.58,Debutant,2026-01-12
1quV4CgipPwybFtikATOBc,MC Salo,2112,20,,https://open.spotify.com/artist/1quV4CgipPwybFtikATOBc,https://i.scdn.co/image/ab67616d0000b2738d036affbb26f328161dcf37,Pop,Spotify,32.57,Debutant,2026-01-12
5mC0vGi5lOCqYs53SOojs4,Gabriel Paris,4261,27,,https://open.spotify.com/artist/5mC0vGi5lOCqYs53SOojs4,https://i.scdn.co/image/ab6761610000e5eb402c3584ca67e943cee9902d,Rap-HipHop-RnB,Spotify,32.55,Debutant,2026-01-12
1ATrNccUrhiYSQ3B08VQrz,DAM,38615,28,arabic hip hop,https://open.spotify.com/artist/1ATrNccUrhiYSQ3B08VQrz,https://i.scdn.co/image/ab6761610000e5eb7f4f255c3a1aca1c7fe534ae,Rap-HipHop-RnB,Spotify,32.43,Debutant,2026-01-12
4O82966S46TGCDsAzRFlku,Jil Is Lucky,14982,33,french indie pop,https://open.spotify.com/artist/4O82966S46TGCDsAzRFlku,https://i.scdn.co/image/ab6761610000e5eb2f958365cb03075bc7215f93,Rock-Metal,Spotify,32.3,Debutant,2026-01-12
3g5QiiBmEWt5a3WaW1zArB,jaynbeats,15025,33,german hip hop,https://open.spotify.com/artist/3g5QiiBmEWt5a3WaW1zArB,https://i.scdn.co/image/ab6761610000e5ebcc83ac218ef56f68cbcb1b49,Rap-HipHop-RnB,Spotify,32.3,Debutant,2026-01-12
685Gc0hObCotgZ7K8bE05K,Eloquence,5564,29,french rap,https://open.spotify.com/artist/685Gc0hObCotgZ7K8bE05K,https://i.scdn.co/image/ab67616d0000b273e4fb7aa8c3005f3490b0c26a,Rap-HipHop-RnB,Spotify,32.29,Debutant,2026-01-12
3ED1AG2E67Epo3MBFVOFj9,Dolo Tonight,9923,32,,https://open.spotify.com/artist/3ED1AG2E67Epo3MBFVOFj9,https://i.scdn.co/image/ab6761610000e5eba3e07ca1224588971fc3ea93,Pop,Spotify,32.03,Debutant,2026-01-12
68uK8Nx6KBp8QZQi3YMU6L,Samat,1266,18,french rap,https://open.spotify.com/artist/68uK8Nx6KBp8QZQi3YMU6L,https://i.scdn.co/image/ab6761610000e5ebc6c4ad039474118f96475e63,Rap-HipHop-RnB,Spotify,31.78,Debutant,2026-01-12
1nqN4To65NIMSGsU0n8axa,Snoobie92,19518,32,,https://open.spotify.com/artist/1nqN4To65NIMSGsU0n8axa,https://i.scdn.co/image/ab6761610000e5eb4377b0210d827b5c26a2f0e4,Rap-HipHop-RnB,Spotify,31.73,Debutant,2026-01-12
27zZxSk7AynBSC0XYiivLp,Les Amis D'ta Femme,35651,28,chanson,https://open.spotify.com/artist/27zZxSk7AynBSC0XYiivLp,https://i.scdn.co/image/ab67616d0000b273b405279471d87a5be19e644a,Rock-Metal,Spotify,31.67,Debutant,2026-01-12
3H7eNFfmHDrZoHoTfDJyGE,France Mpundu,2026,19,,https://open.spotify.com/artist/3H7eNFfmHDrZoHoTfDJyGE,https://i.scdn.co/image/ab6761610000e5eb9e4e38c8ec195cb00f296a0c,Afrobeat-Amapiano,Spotify,31.56,Debutant,2026-01-12
5IFUbcd4w9UlVpsMNfY4FT,Poppy Fusée,6111,29,french indie pop,https://open.spotify.com/artist/5IFUbcd4w9UlVpsMNfY4FT,https://i.scdn.co/image/ab6761610000e5ebbbf11b8220f09878973d52e7,Pop,Spotify,31.52,Debutant,2026-01-12
1y1PK1PL2dgNh0TwQTpZMU,Le Réparateur,9370,31,punk,https://open.spotify.com/artist/1y1PK1PL2dgNh0TwQTpZMU,https://i.scdn.co/image/ab67616d0000b273828397e265cde0dcc76c141b,Rock-Metal,Spotify,31.23,Debutant,2026-01-12
2RTeAMXtT5IZA4HndoFSNq,Humphrey,3846,25,"french r&b, french rap",https://open.spotify.com/artist/2RTeAMXtT5IZA4HndoFSNq,https://i.scdn.co/image/ab6761610000e5ebf227dbeb20810d86df218101,Jazz-Soul,Spotify,31.15,Debutant,2026-01-12
0lkiOp3vyxpN37Y6OCf9yO,NeoFX,8262,30,"tekno, acid techno, hard techno",https://open.spotify.com/artist/0lkiOp3vyxpN37Y6OCf9yO,https://i.scdn.co/image/ab6761610000e5eb51f6a5cb08240d2d5d37ee51,Electro,Spotify,30.74,Debutant,2026-01-12
0F2vt3PHYGZ8pSFBHZ0laC,Cheb Aymen Parisien,27150,29,"raï, moroccan pop",https://open.spotify.com/artist/0F2vt3PHYGZ8pSFBHZ0laC,https://i.scdn.co/image/ab67616d0000b2734444ed347a3e98f963720df6,Rap-HipHop-RnB,Spotify,30.48,Debutant,2026-01-12
4MwF8qs0Uukh7VQdbVEcpP,Paris Paige,1503,16,,https://open.spotify.com/artist/4MwF8qs0Uukh7VQdbVEcpP,https://i.scdn.co/image/ab6761610000e5eb374a4a30a9928f99710b930a,Rap-HipHop-RnB,Spotify,30.25,Debutant,2026-01-12
1dFiLNmRKzp1sA088KuwCw,Jasmïn,1320,16,,https://open.spotify.com/artist/1dFiLNmRKzp1sA088KuwCw,https://i.scdn.co/image/ab6761610000e5eb1ded4d2333cfa2894ec7d795,Pop,Spotify,30.2,Debutant,2026-01-12
215tdyVWdDYOjufDKf6UJg,Warning,29077,28,"doom metal, sludge metal, stoner metal",https://open.spotify.com/artist/215tdyVWdDYOjufDKf6UJg,https://i.scdn.co/image/ab6761610000e5ebc7e6070ce963456750e2cfde,Rock-Metal,Spotify,30.05,Debutant,2026-01-12
0sERWA25W58jwsWqspklGe,Adamé,9923,30,french pop,https://open.spotify.com/artist/0sERWA25W58jwsWqspklGe,https://i.scdn.co/image/ab6761610000e5eb39d5bb63cda312fb34e05cec,Electro,Spotify,30.02,Debutant,2026-01-12
0wHHtuNdjnmH9spIm2VrhR,Malo',7813,29,"french indie pop, french pop",https://open.spotify.com/artist/0wHHtuNdjnmH9spIm2VrhR,https://i.scdn.co/image/ab6761610000e5eb0e8620c94ae20fe1cac41876,Rock-Metal,Spotify,29.97,Debutant,2026-01-12
1tMIosPVEqpXGdD8JW1tIe,Thomas de Pourquery,10539,30,french jazz,https://open.spotify.com/artist/1tMIosPVEqpXGdD8JW1tIe,https://i.scdn.co/image/ab6761610000e5ebffab7a5af2348146b5959b77,Jazz-Soul,Spotify,29.85,Debutant,2026-01-12
2KUtIRV7tG4q4uyzHSkOqT,Terco92,35129,26,latin hip hop,https://open.spotify.com/artist/2KUtIRV7tG4q4uyzHSkOqT,https://i.scdn.co/image/ab6761610000e5ebeac43ab77b8c37f05c5e0231,Rap-HipHop-RnB,Spotify,29.82,Debutant,2026-01-12
6wUGiWb7FR3Cv39sELlp1U,Kasper 939,14316,30,"hip house, french rap",https://open.spotify.com/artist/6wUGiWb7FR3Cv39sELlp1U,https://i.scdn.co/image/ab6761610000e5ebb5058c3452b621eacbb0da11,Rap-HipHop-RnB,Spotify,29.49,Debutant,2026-01-12
5ccC62eZo8vv2qTOTndIkn,$hiro,1082,15,"french r&b, afroswing",https://open.spotify.com/artist/5ccC62eZo8vv2qTOTndIkn,https://i.scdn.co/image/ab6761610000e5eb389dc2f7c6ed6100c5a8015f,Electro,Spotify,29.32,Debutant,2026-01-12
04Me6qNw3Z1CIqUWrkmF5B,LILLEN,1006,15,,https://open.spotify.com/artist/04Me6qNw3Z1CIqUWrkmF5B,https://i.scdn.co/image/ab6761610000e5eb7b976517417efcae7baf3586,Rap-HipHop-RnB,Spotify,29.3,Debutant,2026-01-12
7y4JSWyptLDbIWn5LOhydr,Haley James Scott,9668,29,,https://open.spotify.com/artist/7y4JSWyptLDbIWn5LOhydr,,Pop,Spotify,29.1,Debutant,2026-01-12
4jQd4K8fy9EuJJZErkbHts,Coco061,6367,27,,https://open.spotify.com/artist/4jQd4K8fy9EuJJZErkbHts,https://i.scdn.co/image/ab67616d0000b273873807de7e61c637a3f5076e,Rap-HipHop-RnB,Spotify,28.99,Debutant,2026-01-12
3xgVb12lTabQh3FnxXgjQk,PMD,10801,29,"hardcore hip hop, east coast hip hop, boom bap",https://open.spotify.com/artist/3xgVb12lTabQh3FnxXgjQk,https://i.scdn.co/image/ab6761610000e5eb39e8bf1091792971c11053b9,Rap-HipHop-RnB,Spotify,28.81,Debutant,2026-01-12
6VUpGE6ErMWwqZGepBWc0D,Astral Bakers,4245,24,,https://open.spotify.com/artist/6VUpGE6ErMWwqZGepBWc0D,https://i.scdn.co/image/ab6761610000e5eb72311d2ee09baca61137addd,Pop,Spotify,28.78,Debutant,2026-01-12
6Y4IHXCDwWvuNBmdqTIUTz,Lille Pablo,1954,17,"norwegian hip hop, norwegian pop",https://open.spotify.com/artist/6Y4IHXCDwWvuNBmdqTIUTz,https://i.scdn.co/image/ab6761610000e5ebc828877f28eb07811b519023,Rap-HipHop-RnB,Spotify,28.59,Debutant,2026-01-12
1TtIkputhybiL64ttVwE1H,AfroBeats,2443,19,,https://open.spotify.com/artist/1TtIkputhybiL64ttVwE1H,https://i.scdn.co/image/ab67616d0000b273637bbc242bd2b40a3e95331a,Afrobeat-Amapiano,Spotify,28.49,Debutant,2026-01-12
37P7yznrsIGSfuGOzmmt26,AqME,23786,27,"nu metal, alternative metal",https://open.spotify.com/artist/37P7yznrsIGSfuGOzmmt26,https://i.scdn.co/image/ab6761610000e5eb5c3e2d93ad8afd71fb8cd9ad,Rock-Metal,Spotify,28.01,Debutant,2026-01-12
0rBAjYzMBBP3u4LZLc1qwF,Afro S,14720,28,french rap,https://open.spotify.com/artist/0rBAjYzMBBP3u4LZLc1qwF,https://i.scdn.co/image/ab6761610000e5eb6fe4053381bb2a3eab07b793,Afrobeat-Amapiano,Spotify,27.62,Debutant,2026-01-12
4gkLBjl1hnfw2pmSZ1JNZl,Gabi,4955,24,german hip hop,https://open.spotify.com/artist/4gkLBjl1hnfw2pmSZ1JNZl,https://i.scdn.co/image/ab6761610000e5eb41c19091aae7f61f29fe5ce1,Rap-HipHop-RnB,Spotify,27.37,Debutant,2026-01-12
66xA2uEVOChiDTKdZd6hgV,SPORE,5064,24,,https://open.spotify.com/artist/66xA2uEVOChiDTKdZd6hgV,https://i.scdn.co/image/ab6761610000e5ebe631feede4874b801275b90f,Electro,Spotify,27.2,Debutant,2026-01-12
7JWxRPYnCGaZPh1L44NWtY,Oordaya,4512,23,french r&b,https://open.spotify.com/artist/7JWxRPYnCGaZPh1L44NWtY,https://i.scdn.co/image/ab6761610000e5eb2f80b4dd28cf547078b3c0a6,Electro,Spotify,26.95,Debutant,2026-01-12
2FnT84XG3yKLIHEjheon9W,Nawel Ben Kraiem,4582,23,,https://open.spotify.com/artist/2FnT84XG3yKLIHEjheon9W,https://i.scdn.co/image/ab6761610000e5eb78de3b3648ebea029e5b41ce,Pop,Spotify,26.81,Debutant,2026-01-12
0ZrPyHGPWRiOphFxml3rFO,Vibe,4099,22,"french r&b, french rap",https://open.spotify.com/artist/0ZrPyHGPWRiOphFxml3rFO,https://i.scdn.co/image/ab67616d0000b27323cf132911aeb579c302ad76,Rap-HipHop-RnB,Spotify,26.56,Debutant,2026-01-12
04YHyUbd7Ic47Zi2LtPzuv,Demusmaker,1240,12,,https://open.spotify.com/artist/04YHyUbd7Ic47Zi2LtPzuv,https://i.scdn.co/image/ab6761610000e5ebe890f063fc9111a9b58a64cc,Jazz-Soul,Spotify,26.33,Debutant,2026-01-12
5wQ1ffwDHKe06PEKCIgLNG,David Castello-Lopes,15899,26,,https://open.spotify.com/artist/5wQ1ffwDHKe06PEKCIgLNG,https://i.scdn.co/image/ab6761610000e5eb85cdbf7cd34b05b8b7de960b,Rock-Metal,Spotify,25.84,Debutant,2026-01-12
6SOfR3vMDf9otrCMyzrdDn,Cabadzi,13143,26,,https://open.spotify.com/artist/6SOfR3vMDf9otrCMyzrdDn,https://i.scdn.co/image/ab6761610000e5eb4714441cb57de41455dfc60a,Rap-HipHop-RnB,Spotify,25.7,Debutant,2026-01-12
4KLjcYXXF6lORi2XOXAmz2,Grizzly 942,1134,11,french rap,https://open.spotify.com/artist/4KLjcYXXF6lORi2XOXAmz2,https://i.scdn.co/image/ab6761610000e5ebd34c4d021f7756388b611f43,Rap-HipHop-RnB,Spotify,25.54,Debutant,2026-01-12
6rt9RysQUXJjzYXaIXdXu7,Paris Price,3478,20,,https://open.spotify.com/artist/6rt9RysQUXJjzYXaIXdXu7,https://i.scdn.co/image/ab6761610000e5eb8fda2ff3e9e54db0e4068a94,Rap-HipHop-RnB,Spotify,25.54,Debutant,2026-01-12
7wMBwaUmhrkuaq7vGWY8bt,KLN 93,31704,22,french rap,https://open.spotify.com/artist/7wMBwaUmhrkuaq7vGWY8bt,https://i.scdn.co/image/ab6761610000e5eb53de3f0b34f808bcd3c44a69,Rap-HipHop-RnB,Spotify,25.5,Debutant,2026-01-12
4NOg3L0IrFUnGe6dhO1D2i,94brizzy,9774,25,trap metal,https://open.spotify.com/artist/4NOg3L0IrFUnGe6dhO1D2i,https://i.scdn.co/image/ab67616d0000b2735997e5c992ecf0dcb5d8cb9d,Rap-HipHop-RnB,Spotify,25.05,Debutant,2026-01-12
1Bkcm42So5nKYkY5DEHbO2,Lillebittebock,1336,12,dansk rap,https://open.spotify.com/artist/1Bkcm42So5nKYkY5DEHbO2,https://i.scdn.co/image/ab6761610000e5eb2b0939f0ac957c63b8045584,Rap-HipHop-RnB,Spotify,24.96,Debutant,2026-01-12
7iogfxoFBRb7fwoxDIFJoG,Walk in Paris,5228,22,"french r&b, french rap",https://open.spotify.com/artist/7iogfxoFBRb7fwoxDIFJoG,https://i.scdn.co/image/ab6761610000e5ebd8a759732264fadadfb66b91,Rap-HipHop-RnB,Spotify,24.58,Debutant,2026-01-12
1J65MRryoT7CWCesOe3nBb,La Phaze,18355,24,jungle,https://open.spotify.com/artist/1J65MRryoT7CWCesOe3nBb,https://i.scdn.co/image/ab6761610000e5eb877a8e2464ec26ea4cd7c254,Rock-Metal,Spotify,24.32,Debutant,2026-01-12
6SlO9eMZZGEKIoYb6vlBkC,Johnny Montreuil,3495,19,,https://open.spotify.com/artist/6SlO9eMZZGEKIoYb6vlBkC,https://i.scdn.co/image/ab6761610000e5eb9fb34fe96a2d5a9ecabfda0b,Rock-Metal,Spotify,24.12,Debutant,2026-01-12
7Ix71RYt7HB9EHCJGjlk8J,Trigones Plus,1418,12,,https://open.spotify.com/artist/7Ix71RYt7HB9EHCJGjlk8J,https://i.scdn.co/image/ab6761610000e5eb2b4172f7031b8b23c1d5d015,Pop,Spotify,23.95,Debutant,2026-01-12
43iw2eN2eQhF9GaouZCn1Q,Laskiiz,7346,23,french rap,https://open.spotify.com/artist/43iw2eN2eQhF9GaouZCn1Q,https://i.scdn.co/image/ab67616d0000b27352a884ca446d1f039c03b349,Rap-HipHop-RnB,Spotify,23.87,Debutant,2026-01-12
6kL9VJ0wAshNzlVZmSJZJN,Gus,7355,23,french rap,https://open.spotify.com/artist/6kL9VJ0wAshNzlVZmSJZJN,https://i.scdn.co/image/ab6761610000e5eb78106603ac32ea795da938fa,Jazz-Soul,Spotify,23.86,Debutant,2026-01-12
3nul4CdUXaaA3QSHrduvtu,Esteban,11203,24,french rap,https://open.spotify.com/artist/3nul4CdUXaaA3QSHrduvtu,https://i.scdn.co/image/ab6761610000e5ebebc9e84fb8916c2ac9583640,Rap-HipHop-RnB,Spotify,23.85,Debutant,2026-01-12
0neByJeiLyO8TRikP9vXPV,Bagdad Rodeo,3638,19,,https://open.spotify.com/artist/0neByJeiLyO8TRikP9vXPV,https://i.scdn.co/image/ab6761610000e5eb743bf6c1987b718299c98915,Indie-Alternative,Spotify,23.74,Debutant,2026-01-12
0qfeDvoajHGoVkmIW7fgra,93PUNX,7882,23,,https://open.spotify.com/artist/0qfeDvoajHGoVkmIW7fgra,https://i.scdn.co/image/ab6761610000e5ebc4def8e3bd6212d9f874160e,Rap-HipHop-RnB,Spotify,23.6,Debutant,2026-01-12
71EGGFm5wS2EwANKiWpKRE,Paris Saint Germain FanChants,1451,12,,https://open.spotify.com/artist/71EGGFm5wS2EwANKiWpKRE,https://i.scdn.co/image/ab67616d0000b27301205e8aa45595b532d2e891,Rap-HipHop-RnB,Spotify,23.58,Debutant,2026-01-12
41L28S3l8z3EZMledHcxHV,Bombes 2 Bal,4318,20,chanson,https://open.spotify.com/artist/41L28S3l8z3EZMledHcxHV,https://i.scdn.co/image/ab67616d0000b27351e6a96bdb1928907f67004d,Rock-Metal,Spotify,23.56,Debutant,2026-01-12
6j2mAzLfu9ZMjd4rwCRjjn,Souli,1475,12,"french rap, pop urbaine",https://open.spotify.com/artist/6j2mAzLfu9ZMjd4rwCRjjn,https://i.scdn.co/image/ab6761610000e5eb76e56e0e51a9a3426e49d6f3,Jazz-Soul,Spotify,23.31,Debutant,2026-01-12
2ublgvX7DlTU8ShDDslYVC,The S,9841,23,"french rap, moroccan rap",https://open.spotify.com/artist/2ublgvX7DlTU8ShDDslYVC,https://i.scdn.co/image/ab6761610000e5eb2f0cc467b9009ca2a550d827,Rap-HipHop-RnB,Spotify,23.03,Debutant,2026-01-12
77pl5wtTOGwF5FPUYUDEDz,rz92i,1504,12,french rap,https://open.spotify.com/artist/77pl5wtTOGwF5FPUYUDEDz,https://i.scdn.co/image/ab6761610000e5ebceabfd95e8bfba4f20febf8f,Rap-HipHop-RnB,Spotify,23.01,Debutant,2026-01-12
3KmJs3ery3PJQuQQ5FOllC,Lyan Paris,7102,22,,https://open.spotify.com/artist/3KmJs3ery3PJQuQQ5FOllC,https://i.scdn.co/image/ab6761610000e5ebb54cdab8e6d2a5c116b91a53,Rap-HipHop-RnB,Spotify,22.93,Debutant,2026-01-12
4BeUJGT638jeAuAvtm51oE,Carmen Maria Vega,13291,23,"chanson, french house",https://open.spotify.com/artist/4BeUJGT638jeAuAvtm51oE,https://i.scdn.co/image/ab6761610000e5ebc3aeaa5dfe62deaba2ffe840,Rock-Metal,Spotify,22.85,Debutant,2026-01-12
0rXEHQAzDXBvblE2EZRBjL,Annie Lalalove,6018,20,,https://open.spotify.com/artist/0rXEHQAzDXBvblE2EZRBjL,https://i.scdn.co/image/ab6761610000e5eb4e29f9891250cd5b337b243c,Jazz-Soul,Spotify,21.45,Debutant,2026-01-12
5Yz9TYi94Uup3otqHYUF5T,Mikeysem,2249,14,french rap,https://open.spotify.com/artist/5Yz9TYi94Uup3otqHYUF5T,https://i.scdn.co/image/ab6761610000e5ebdaa9498f97ce8418ab5cddeb,Rap-HipHop-RnB,Spotify,21.32,Debutant,2026-01-12
7znBntfGatVV9Elt7uP8Bu,Schlaasss,4752,18,electroclash,https://open.spotify.com/artist/7znBntfGatVV9Elt7uP8Bu,https://i.scdn.co/image/ab6761610000e5ebbdb9b8e8e8623fed9c58ac2b,Rap-HipHop-RnB,Spotify,20.4,Debutant,2026-01-12
3LTvQLZWuf9n2fOOq5dpG0,Jessica Marquez,3637,16,variété française,https://open.spotify.com/artist/3LTvQLZWuf9n2fOOq5dpG0,https://i.scdn.co/image/ab67616d0000b2735e7f9031aeaa60d86054538e,Jazz-Soul,Spotify,19.69,Debutant,2026-01-12
1jEvmmt62aPniaH6j7py8S,Felipe,1659,11,,https://open.spotify.com/artist/1jEvmmt62aPniaH6j7py8S,https://i.scdn.co/image/ab6761610000e5ebeda61bd760550fde50d40c57,Rap-HipHop-RnB,Spotify,19.56,Debutant,2026-01-12
4sG5GeG7qK060XBll1R5ap,Une touche d'optimisme,4670,16,chanson,https://open.spotify.com/artist/4sG5GeG7qK060XBll1R5ap,https://i.scdn.co/image/ab6761610000e5eb8595f4f3c83b6f0d020330a3,Rock-Metal,Spotify,18.05,Debutant,2026-01-12
0xOdtdbQkHKot7ODRxumLR,Aymen Parisien,5482,16,raï,https://open.spotify.com/artist/0xOdtdbQkHKot7ODRxumLR,https://i.scdn.co/image/ab67616d0000b2731788d57a0470f1f7a50287f5,Rap-HipHop-RnB,Spotify,17.28,Debutant,2026-01-12
5x6fEO7JyQd948Wvonm9xt,OPINEL 21,7147,16,"french rap, drill",https://open.spotify.com/artist/5x6fEO7JyQd948Wvonm9xt,https://i.scdn.co/image/ab6761610000e5eb10b2bd92061679efe7b77aae,Rap-HipHop-RnB,Spotify,16.42,Debutant,2026-01-12
0LU6Sg6kRXbyjhzrw4xzxe,Power Struggle,3262,13,pinoy hip hop,https://open.spotify.com/artist/0LU6Sg6kRXbyjhzrw4xzxe,https://i.scdn.co/image/ab67616d0000b2739814b357576fa6cb7d440502,Rap-HipHop-RnB,Spotify,16.35,Debutant,2026-01-12
7mTxA28IfHWWIuo2QKczgA,Pass Pass,2547,11,"g-funk, east coast hip hop",https://open.spotify.com/artist/7mTxA28IfHWWIuo2QKczgA,https://i.scdn.co/image/ab67616d0000b27398e32c0954348c6cc045b58a,Rap-HipHop-RnB,Spotify,15.2,Debutant,2026-01-12
0ddCzcAD0Echtycm6WsVcE,Secri IXV,9087,14,french rap,https://open.spotify.com/artist/0ddCzcAD0Echtycm6WsVcE,https://i.scdn.co/image/ab6761610000e5eba59975cc9ef279b0622d1ea3,Rap-HipHop-RnB,Spotify,14.01,Debutant,2026-01-12
1aC2EaDuaqmdG8HGLbjMf2,Davo 92,3024,10,,https://open.spotify.com/artist/1aC2EaDuaqmdG8HGLbjMf2,https://i.scdn.co/image/ab6761610000e5eb7791e2d47a03b2fafa3c5794,Rap-HipHop-RnB,Spotify,12.52,Debutant,2026-01-12
403x0fTWTfDHsV9PYkGFTe,Moderne,6465,11,"cold wave, synthpop, post-punk",https://open.spotify.com/artist/403x0fTWTfDHsV9PYkGFTe,https://i.scdn.co/image/ab67616d0000b273ce8e9d89c966eebcc9cf7144,Electro,Spotify,11.14,Debutant,2026-01-12
7Bwfit5Kgbtxwu5dnf2cVF,92FLOWERS,4316,10,,https://open.spotify.com/artist/7Bwfit5Kgbtxwu5dnf2cVF,https://i.scdn.co/image/ab6761610000e5ebca74b4ec5770e7ddbe6b49d7,Rap-HipHop-RnB,Spotify,10.93,Debutant,2026-01-12
5gpUw9tRGhCPRIn5Tgilus,Afrobeats,4782,10,afrobeat,https://open.spotify.com/artist/5gpUw9tRGhCPRIn5Tgilus,https://i.scdn.co/image/ab67616d0000b273d3b136966cfee1752b483642,Afrobeat-Amapiano,Spotify,10.62,Debutant,2026-01-12
